Title,Type,Episodes,Aired Start,Aired End,Members,Score
Sousou no Frieren,TV,28,Sep 2023,Mar 2024,921643,9.32
Fullmetal Alchemist: Brotherhood,TV,64,Apr 2009,Jul 2010,3427462,9.09
Bleach: Sennen Kessen-hen - Soukoku-tan,TV,N/A,Oct 2024,N/A,135631,9.07
Steins;Gate,TV,24,Apr 2011,Sep 2011,2625931,9.07
Shingeki no Kyojin Season 3 Part 2,TV,10,Apr 2019,Jul 2019,2355796,9.05
Gintama°,TV,51,Apr 2015,Mar 2016,646958,9.05
Gintama: The Final,Movie,1,Jan 2021,Jan 2021,158276,9.04
Gintama',TV,51,Apr 2011,Mar 2012,570808,9.03
Hunter x Hunter (2011),TV,148,Oct 2011,Sep 2014,2922076,9.03
Gintama': Enchousen,TV,13,Oct 2012,Mar 2013,333057,9.02
Bleach: Sennen Kessen-hen,TV,13,Oct 2022,Dec 2022,585179,9.01
Ginga Eiyuu Densetsu,OVA,110,Jan 1988,Mar 1997,331455,9.01
Monogatari Series: Off & Monster Season,ONA,N/A,Jul 2024,N/A,71842,9.01
Kaguya-sama wa Kokurasetai: Ultra Romantic,TV,13,Apr 2022,Jun 2022,978207,9.00
Gintama.,TV,12,Jan 2017,Mar 2017,322754,8.98
Fruits Basket: The Final,TV,13,Apr 2021,Jun 2021,500450,8.96
Clannad: After Story,TV,24,Oct 2008,Mar 2009,1216103,8.93
Gintama,TV,201,Apr 2006,Mar 2010,1088952,8.93
Koe no Katachi,Movie,1,Sep 2016,Sep 2016,2401981,8.93
Re:Zero kara Hajimeru Isekai Seikatsu 3rd Season,TV,16,Oct 2024,N/A,264996,8.93
3-gatsu no Lion 2nd Season,TV,22,Oct 2017,Mar 2018,411041,8.91
Code Geass: Hangyaku no Lelouch R2,TV,25,Apr 2008,Sep 2008,1823867,8.91
Gintama Movie 2: Kanketsu-hen - Yorozuya yo Eien Nare,Movie,1,Jul 2013,Jul 2013,245727,8.90
Look Back,Movie,1,Jun 2024,Jun 2024,59109,8.90
Kusuriya no Hitorigoto,TV,24,Oct 2023,Mar 2024,489657,8.89
Monster,TV,74,Apr 2004,Sep 2005,1173859,8.88
Gintama.: Shirogane no Tamashii-hen - Kouhan-sen,TV,14,Jul 2018,Oct 2018,205195,8.88
Shingeki no Kyojin: The Final Season - Kanketsu-hen,TV,N/A,Mar 2023,Nov 2023,705498,8.88
Owarimonogatari 2nd Season,TV,N/A,Aug 2017,Aug 2017,409575,8.87
Violet Evergarden Movie,Movie,1,Sep 2020,Sep 2020,640610,8.85
Kimi no Na wa.,Movie,1,Aug 2016,Aug 2016,2816008,8.83
Kingdom 3rd Season,TV,26,Apr 2020,Oct 2021,109984,8.83
Vinland Saga Season 2,TV,24,Jan 2023,Jun 2023,674741,8.81
Gintama.: Shirogane no Tamashii-hen,TV,12,Jan 2018,Mar 2018,218826,8.81
Boku no Kokoro no Yabai Yatsu 2nd Season,TV,13,Jan 2024,Mar 2024,220479,8.80
Jujutsu Kaisen 2nd Season,TV,23,Jul 2023,Dec 2023,1070575,8.79
Mob Psycho 100 II,TV,13,Jan 2019,Apr 2019,1584293,8.79
Kizumonogatari III: Reiketsu-hen,Movie,1,Jan 2017,Jan 2017,476425,8.78
Shingeki no Kyojin: The Final Season,TV,16,Dec 2020,Mar 2021,2073081,8.78
Sen to Chihiro no Kamikakushi,Movie,1,Jul 2001,Jul 2001,1900244,8.77
Bocchi the Rock!,TV,12,Oct 2022,Dec 2022,631288,8.77
Haikyuu!! Karasuno Koukou vs. Shiratorizawa Gakuen Koukou,TV,10,Oct 2016,Dec 2016,1238407,8.77
Hajime no Ippo,TV,75,Oct 2000,Mar 2002,619645,8.77
Shingeki no Kyojin: The Final Season Part 2,TV,12,Jan 2022,Apr 2022,1362471,8.76
Vinland Saga,TV,24,Jul 2019,Dec 2019,1593133,8.76
Kaguya-sama wa Kokurasetai: First Kiss wa Owaranai,Movie,1,Dec 2022,Dec 2022,296013,8.76
Monogatari Series: Second Season,TV,26,Jul 2013,Dec 2013,683385,8.76
Cowboy Bebop,TV,26,Apr 1998,Apr 1999,1914832,8.75
The First Slam Dunk,Movie,1,Dec 2022,Dec 2022,53713,8.75
Hibike! Euphonium 3,TV,13,Apr 2024,Jun 2024,75278,8.74
Ashita no Joe 2,TV,47,Oct 1980,Aug 1981,55129,8.73
Kimetsu no Yaiba: Yuukaku-hen,TV,11,Dec 2021,Feb 2022,1518822,8.73
Kingdom 4th Season,TV,26,Apr 2022,Oct 2022,70165,8.73
Kingdom 5th Season,TV,13,Jan 2024,Mar 2024,41890,8.73
Shiguang Dailiren,ONA,11,Apr 2021,Jul 2021,395079,8.73
Mushishi Zoku Shou 2nd Season,TV,10,Oct 2014,Dec 2014,273331,8.72
One Piece,TV,N/A,Oct 1999,N/A,2441886,8.72
Mob Psycho 100 III,TV,12,Oct 2022,Dec 2022,729213,8.71
86 Part 2,TV,12,Oct 2021,Mar 2022,537440,8.71
Shouwa Genroku Rakugo Shinjuu: Sukeroku Futatabi-hen,TV,12,Jan 2017,Mar 2017,190932,8.71
Rurouni Kenshin: Meiji Kenkaku Romantan - Tsuioku-hen,OVA,4,Feb 1999,Sep 1999,280926,8.70
Bleach: Sennen Kessen-hen - Ketsubetsu-tan,TV,13,Jul 2023,Sep 2023,311297,8.70
Code Geass: Hangyaku no Lelouch,TV,25,Oct 2006,Jul 2007,2305863,8.70
Mushishi Zoku Shou,TV,10,Apr 2014,Jun 2014,306854,8.69
Mo Dao Zu Shi: Wanjie Pian,ONA,12,Aug 2021,Oct 2021,84313,8.68
Violet Evergarden,TV,13,Jan 2018,Apr 2018,1837867,8.68
Great Teacher Onizuka,TV,43,Jun 1999,Sep 2000,851474,8.68
Hajime no Ippo: New Challenger,TV,26,Jan 2009,Jul 2009,296637,8.67
Howl no Ugoku Shiro,Movie,1,Nov 2004,Nov 2004,1379893,8.67
Tian Guan Cifu Er,ONA,12,Oct 2023,Jan 2024,49530,8.67
Mononoke Hime,Movie,1,Jul 1997,Jul 1997,1288817,8.66
"""Oshi no Ko"" 2nd Season",TV,13,Jul 2024,Oct 2024,363267,8.66
Haikyuu!! Movie: Gomisuteba no Kessen,Movie,1,Feb 2024,Feb 2024,140874,8.66
Fate/stay night Movie: Heaven's Feel - III. Spring Song,Movie,1,Aug 2020,Aug 2020,365107,8.65
Mushishi,TV,26,Oct 2005,Jun 2006,850153,8.65
Mushoku Tensei: Isekai Ittara Honki Dasu Part 2,TV,12,Oct 2021,Dec 2021,984849,8.65
Odd Taxi,TV,13,Apr 2021,Jun 2021,453229,8.65
Made in Abyss,TV,13,Jul 2017,Sep 2017,1427232,8.64
Natsume Yuujinchou Shi,TV,13,Jan 2012,Mar 2012,250701,8.64
Shigatsu wa Kimi no Uso,TV,22,Oct 2014,Mar 2015,2264716,8.64
Bungou Stray Dogs 5th Season,TV,11,Jul 2023,Sep 2023,204866,8.64
Kaguya-sama wa Kokurasetai? Tensai-tachi no Renai Zunousen,TV,12,Apr 2020,Jun 2020,1384300,8.63
Shiguang Dailiren II,ONA,12,Jul 2023,Sep 2023,124788,8.63
Shingeki no Kyojin Season 3,TV,12,Jul 2018,Oct 2018,2442112,8.63
Tengen Toppa Gurren Lagann,TV,27,Apr 2007,Sep 2007,1649211,8.63
Dandadan,TV,12,Oct 2024,N/A,291792,8.62
Death Note,TV,37,Oct 2006,Jun 2007,3998098,8.62
Haikyuu!! Second Season,TV,25,Oct 2015,Mar 2016,1468474,8.62
Made in Abyss: Retsujitsu no Ougonkyou,TV,12,Jul 2022,Sep 2022,471778,8.62
Ping Pong the Animation,TV,11,Apr 2014,Jun 2014,405423,8.62
Made in Abyss Movie 3: Fukaki Tamashii no Reimei,Movie,1,Jan 2020,Jan 2020,483755,8.61
Natsume Yuujinchou Roku,TV,11,Apr 2017,Jun 2017,191401,8.61
"""Oshi no Ko""",TV,11,Apr 2023,Jun 2023,877238,8.61
Cyberpunk: Edgerunners,ONA,10,Sep 2022,Sep 2022,824386,8.61
Dungeon Meshi,TV,24,Jan 2024,Jun 2024,386810,8.61
Hajime no Ippo: Rising,TV,25,Oct 2013,Mar 2014,269773,8.60
Suzumiya Haruhi no Shoushitsu,Movie,1,Feb 2010,Feb 2010,620450,8.60
Shin Evangelion Movie:||,Movie,1,Mar 2021,Mar 2021,387870,8.59
Kenpuu Denki Berserk,TV,25,Oct 1997,Apr 1998,689024,8.59
Mushishi Zoku Shou: Suzu no Shizuku,Movie,1,May 2015,May 2015,131896,8.59
Seishun Buta Yarou wa Yumemiru Shoujo no Yume wo Minai,Movie,1,Jun 2019,Jun 2019,736473,8.59
Jujutsu Kaisen,TV,24,Oct 2020,Mar 2021,2678942,8.58
Tengen Toppa Gurren Lagann Movie 2: Lagann-hen,Movie,1,Apr 2009,Apr 2009,222575,8.58
JoJo no Kimyou na Bouken Part 5: Ougon no Kaze,TV,39,Oct 2018,Jul 2019,1059988,8.57
Kimetsu no Yaiba Movie: Mugen Ressha-hen,Movie,1,Oct 2020,Oct 2020,1607111,8.57
Kizumonogatari II: Nekketsu-hen,Movie,1,Aug 2016,Aug 2016,458001,8.57
Natsume Yuujinchou San,TV,13,Jul 2011,Sep 2011,258027,8.57
Doupo Cangqiong: San Nian Zhi Yue,ONA,13,Oct 2021,Jan 2022,8253,8.57
Yojouhan Shinwa Taikei,TV,11,Apr 2010,Jul 2010,462201,8.56
Kimi ni Todoke 3rd Season,ONA,5,Aug 2024,Aug 2024,71845,8.56
Nana,TV,47,Apr 2006,Mar 2007,698820,8.56
Natsume Yuujinchou Go,TV,11,Oct 2016,Dec 2016,191823,8.56
Natsume Yuujinchou Shichi,TV,12,Oct 2024,N/A,29766,8.56
Ookami Kodomo no Ame to Yuki,Movie,1,Jul 2012,Jul 2012,828248,8.56
Kimi no Suizou wo Tabetai,Movie,1,Sep 2018,Sep 2018,1005410,8.55
Perfect Blue,Movie,1,Feb 1998,Feb 1998,737826,8.55
Haikyuu!! To the Top Part 2,TV,12,Oct 2020,Dec 2020,848767,8.55
Shingeki no Kyojin,TV,25,Apr 2013,Sep 2013,4048041,8.55
"Shinseiki Evangelion Movie: Air/Magokoro wo, Kimi ni",Movie,1,Jul 1997,Jul 1997,958962,8.55
Shouwa Genroku Rakugo Shinjuu,TV,13,Jan 2016,Apr 2016,296932,8.55
Slam Dunk,TV,101,Oct 1993,Mar 1996,310931,8.55
Zoku Natsume Yuujinchou,TV,13,Jan 2009,Mar 2009,253283,8.54
JoJo no Kimyou na Bouken Part 6: Stone Ocean Part 3,ONA,14,Dec 2022,Dec 2022,225815,8.54
Fate/Zero 2nd Season,TV,12,Apr 2012,Jun 2012,1137696,8.54
Fruits Basket 2nd Season,TV,25,Apr 2020,Sep 2020,531674,8.54
Gintama Movie 1: Shinyaku Benizakura-hen,Movie,1,Apr 2010,Apr 2010,167756,8.53
Steins;Gate 0,TV,23,Apr 2018,Sep 2018,892948,8.53
Mushishi: Hihamukage,TV,N/A,Jan 2014,Jan 2014,143111,8.53
Koukaku Kidoutai: Stand Alone Complex 2nd GIG,TV,26,Jan 2004,Jan 2005,231216,8.52
Bakuman. 3rd Season,TV,25,Oct 2012,Mar 2013,334942,8.52
Gintama.: Porori-hen,TV,13,Oct 2017,Dec 2017,207063,8.52
Hotaru no Haka,Movie,1,Apr 1988,Apr 1988,698777,8.52
Shingeki no Kyojin Season 2,TV,12,Apr 2017,Jun 2017,2795707,8.52
Shoujo☆Kageki Revue Starlight Movie,Movie,1,Jun 2021,Jun 2021,21344,8.52
Sora yori mo Tooi Basho,TV,13,Jan 2018,Mar 2018,518152,8.51
Tian Guan Cifu Special,ONA,1,Feb 2021,Feb 2021,52252,8.51
Yuru Camp△ Season 2,TV,13,Jan 2021,Apr 2021,234119,8.51
Kara no Kyoukai Movie 5: Mujun Rasen,Movie,1,Aug 2008,Aug 2008,242925,8.51
Samurai Champloo,TV,26,May 2004,Mar 2005,1268605,8.51
JoJo no Kimyou na Bouken Part 4: Diamond wa Kudakenai,TV,39,Apr 2016,Dec 2016,1158842,8.50
Ousama Ranking,TV,23,Oct 2021,Mar 2022,677146,8.50
Mahou Shoujo Madoka★Magica Movie 3: Hangyaku no Monogatari,Movie,1,Oct 2013,Oct 2013,390204,8.49
Mob Psycho 100,TV,12,Jul 2016,Sep 2016,2141031,8.49
One Punch Man,TV,12,Oct 2015,Dec 2015,3298933,8.49
Spy x Family,TV,12,Apr 2022,Jun 2022,1649348,8.49
Yakusoku no Neverland,TV,12,Jan 2019,Mar 2019,2018607,8.49
Uchuu Kyoudai,TV,99,Apr 2012,Mar 2014,198622,8.48
Ansatsu Kyoushitsu 2nd Season,TV,25,Jan 2016,Jul 2016,1470883,8.48
Aria the Origination,TV,13,Jan 2008,Apr 2008,132647,8.48
Chainsaw Man,TV,12,Oct 2022,Dec 2022,1626437,8.48
Fate/stay night Movie: Heaven's Feel - II. Lost Butterfly,Movie,1,Jan 2019,Jan 2019,401215,8.48
Nichijou,TV,26,Apr 2011,Sep 2011,921641,8.47
Pluto,ONA,8,Oct 2023,Oct 2023,185684,8.47
Summertime Render,TV,25,Apr 2022,Sep 2022,571467,8.47
Yuu☆Yuu☆Hakusho,TV,112,Oct 1992,Jan 1995,708037,8.46
Banana Fish,TV,24,Jul 2018,Dec 2018,891528,8.46
Chihayafuru 3,TV,24,Oct 2019,Mar 2020,145619,8.46
Gintama: The Semi-Final,Special,2,Jan 2021,Jan 2021,81364,8.46
Mo Dao Zu Shi,ONA,15,Jul 2018,Oct 2018,237661,8.46
Mo Dao Zu Shi: Xian Yun Pian,ONA,8,Aug 2019,Sep 2019,109164,8.46
Rainbow: Nisha Rokubou no Shichinin,TV,26,Apr 2010,Sep 2010,403857,8.46
Kimetsu no Yaiba,TV,26,Apr 2019,Sep 2019,3141800,8.45
Mushoku Tensei II: Isekai Ittara Honki Dasu Part 2,TV,12,Apr 2024,Jul 2024,425771,8.45
Owarimonogatari,TV,12,Oct 2015,Dec 2015,487756,8.45
Steins;Gate Movie: Fuka Ryouiki no Déjà vu,Movie,1,Apr 2013,Apr 2013,607043,8.45
Zoku Owarimonogatari,TV,6,May 2019,Jun 2019,234936,8.44
JoJo no Kimyou na Bouken Part 3: Stardust Crusaders 2nd Season,TV,24,Jan 2015,Jun 2015,1147791,8.44
Karakai Jouzu no Takagi-san Movie,Movie,1,Jun 2022,Jun 2022,80728,8.44
Bungou Stray Dogs 4th Season,TV,13,Jan 2023,Mar 2023,310442,8.44
Golden Kamuy 3rd Season,TV,12,Oct 2020,Dec 2020,177296,8.44
Grand Blue,TV,12,Jul 2018,Sep 2018,806787,8.44
Haikyuu!!,TV,25,Apr 2014,Sep 2014,2026712,8.44
Mushishi Zoku Shou: Odoro no Michi,TV,N/A,Aug 2014,Aug 2014,103923,8.43
Re:Zero kara Hajimeru Isekai Seikatsu 2nd Season Part 2,TV,12,Jan 2021,Mar 2021,932449,8.43
Jujutsu Kaisen 0 Movie,Movie,1,Dec 2021,Dec 2021,1038795,8.42
Kono Oto Tomare! Part 2,TV,13,Oct 2019,Dec 2019,184855,8.42
Kono Subarashii Sekai ni Shukufuku wo! Movie: Kurenai Densetsu,Movie,1,Aug 2019,Aug 2019,816151,8.42
Koukaku Kidoutai: Stand Alone Complex,TV,26,Oct 2002,Oct 2003,404462,8.42
Mononoke,TV,12,Jul 2007,Sep 2007,338699,8.42
Natsume Yuujinchou Movie: Utsusemi ni Musubu,Movie,1,Sep 2018,Sep 2018,75889,8.42
Saenai Heroine no Sodatekata Fine,Movie,1,Oct 2019,Oct 2019,190078,8.42
Tian Guan Cifu,ONA,11,Oct 2020,Jan 2021,155041,8.42
Wu Liuqi: Xuanwu Guo Pian,ONA,10,Jan 2021,May 2021,68348,8.42
Gintama: Yorinuki Gintama-san on Theater 2D,Movie,2,Aug 2012,Aug 2012,45366,8.42
Hunter x Hunter,TV,62,Oct 1999,Mar 2001,606746,8.42
Doupo Cangqiong: Nian Fan,ONA,157,Jul 2022,N/A,8482,8.41
Saiki Kusuo no Ψ-nan,TV,120,Jul 2016,Dec 2016,1143009,8.41
Saiki Kusuo no Ψ-nan 2,TV,24,Jan 2018,Jun 2018,663078,8.41
Shingeki no Kyojin: Kuinaki Sentaku,OVA,2,Dec 2014,Apr 2015,530683,8.41
Violet Evergarden Gaiden: Eien to Jidou Shuki Ningyou,Movie,1,Sep 2019,Sep 2019,439213,8.41
Yuru Camp△ Movie,Movie,1,Jul 2022,Jul 2022,84606,8.40
Girls Band Cry,TV,13,Apr 2024,Jun 2024,84384,8.40
Kaguya-sama wa Kokurasetai: Tensai-tachi no Renai Zunousen,TV,12,Jan 2019,Mar 2019,1791893,8.40
Kamisama Hajimemashita: Kako-hen,OVA,4,Aug 2015,Aug 2016,172526,8.40
Natsume Yuujinchou Roku Specials,Special,2,Sep 2017,Oct 2017,49102,8.40
Josee to Tora to Sakana-tachi,Movie,1,Dec 2020,Dec 2020,452530,8.39
Karakai Jouzu no Takagi-san 3,TV,12,Jan 2022,Mar 2022,194421,8.39
Major S5,TV,25,Jan 2009,Jun 2009,72362,8.39
Sayonara no Asa ni Yakusoku no Hana wo Kazarou,Movie,1,Feb 2018,Feb 2018,449395,8.39
Vivy: Fluorite Eye's Song,TV,13,Apr 2021,Jun 2021,558530,8.39
Houseki no Kuni,TV,12,Oct 2017,Dec 2017,477603,8.39
Ao no Hako,TV,25,Oct 2024,N/A,115574,8.38
Blue Giant,Movie,1,Feb 2023,Feb 2023,31805,8.38
Chihayafuru 2,TV,25,Jan 2013,Jun 2013,240397,8.38
Cowboy Bebop: Tengoku no Tobira,Movie,1,Sep 2001,Sep 2001,387449,8.38
Fruits Basket: Prelude,Movie,1,Feb 2022,Feb 2022,114174,8.38
Gintama°: Aizome Kaori-hen,OVA,2,Aug 2016,Nov 2016,87674,8.38
Kaze ga Tsuyoku Fuiteiru,TV,23,Oct 2018,Mar 2019,309985,8.38
Kono Subarashii Sekai ni Shukufuku wo! 3,TV,11,Apr 2024,Jun 2024,446236,8.38
Made in Abyss Movie 2: Hourou Suru Tasogare,Movie,1,Jan 2019,Jan 2019,145558,8.38
Ramayana: The Legend of Prince Rama,Movie,1,Jan 1993,Jan 1993,12210,8.38
Kara no Kyoukai Movie 7: Satsujin Kousatsu (Go),Movie,1,Aug 2009,Aug 2009,210626,8.37
Mahou Shoujo Madoka★Magica,TV,12,Jan 2011,Apr 2011,1321012,8.37
Mahou Shoujo Madoka★Magica Movie 2: Eien no Monogatari,Movie,1,Oct 2012,Oct 2012,207804,8.37
3-gatsu no Lion,TV,22,Oct 2016,Mar 2017,693088,8.37
Barakamon,TV,12,Jul 2014,Sep 2014,677583,8.37
Cross Game,TV,50,Apr 2009,Mar 2010,126749,8.37
Haikyuu!! To the Top,TV,13,Jan 2020,Apr 2020,970995,8.37
Tensei shitara Slime Datta Ken 2nd Season,TV,12,Jan 2021,Mar 2021,1008834,8.37
Tunshi Xingkong 3rd Season,ONA,33,Sep 2022,Apr 2023,2610,8.36
Kimetsu no Yaiba: Mugen Ressha-hen,TV,7,Oct 2021,Nov 2021,820115,8.36
Kizumonogatari I: Tekketsu-hen,Movie,1,Jan 2016,Jan 2016,545437,8.36
Meitantei Conan Movie 26: Kurogane no Submarine,Movie,1,Apr 2023,Apr 2023,13970,8.36
Mushoku Tensei: Isekai Ittara Honki Dasu,TV,11,Jan 2021,Mar 2021,1398028,8.36
Non Non Biyori Nonstop,TV,12,Jan 2021,Mar 2021,129020,8.36
K-On! Movie,Movie,1,Dec 2011,Dec 2011,337910,8.35
Kaze no Tani no Nausicaä,Movie,1,Mar 1984,Mar 1984,388112,8.35
Shinseiki Evangelion,TV,26,Oct 1995,Mar 1996,1869552,8.35
Yahari Ore no Seishun Love Comedy wa Machigatteiru. Kan,TV,12,Jul 2020,Sep 2020,755420,8.35
Baccano!,TV,13,Jul 2007,Nov 2007,920392,8.35
Gintama: Shiroyasha Koutan,Special,1,Sep 2008,Sep 2008,71587,8.35
Girls & Panzer: Saishuushou Part 4,Movie,1,Oct 2023,Oct 2023,18980,8.35
Hellsing Ultimate,OVA,10,Feb 2006,Dec 2012,954362,8.35
Initial D First Stage,TV,26,Apr 1998,Dec 1998,399365,8.35
Bakuman. 2nd Season,TV,25,Oct 2011,Mar 2012,358725,8.34
Fumetsu no Anata e,TV,20,Apr 2021,Aug 2021,902919,8.34
IDOLiSH7 Third Beat! Part 2,TV,17,Oct 2022,Feb 2023,15227,8.34
Versailles no Bara,TV,40,Oct 1979,Sep 1980,102655,8.34
"Violet Evergarden: Kitto ""Ai"" wo Shiru Hi ga Kuru no Darou",Special,1,Jul 2018,Jul 2018,343043,8.34
Wu Shan Wu Xing: Xichuan Huan Zi Lin,ONA,4,Jul 2023,Aug 2023,14175,8.34
Usagi Drop,TV,11,Jul 2011,Sep 2011,504153,8.33
Kage no Jitsuryokusha ni Naritakute! 2nd Season,TV,12,Oct 2023,Dec 2023,411964,8.33
Kidou Senshi Gundam: The Origin,OVA,6,Feb 2015,May 2018,76625,8.33
Kiseijuu: Sei no Kakuritsu,TV,24,Oct 2014,Mar 2015,1917815,8.33
Natsume Yuujinchou: Itsuka Yuki no Hi ni,OVA,1,Feb 2014,Feb 2014,81870,8.33
One Outs,TV,25,Oct 2008,Apr 2009,243971,8.33
Psycho-Pass,TV,22,Oct 2012,Mar 2013,1665356,8.33
Re:Zero kara Hajimeru Isekai Seikatsu 2nd Season,TV,13,Jul 2020,Sep 2020,1148968,8.33
Douluo Dalu 2nd Season,ONA,237,Dec 2018,Jun 2023,21322,8.33
Dr. Stone: New World Part 2,TV,11,Oct 2023,Dec 2023,311519,8.33
Hibike! Euphonium 2,TV,13,Oct 2016,Dec 2016,240058,8.33
Bakemonogatari,TV,15,Jul 2009,Jun 2010,1426976,8.32
Fate/stay night: Unlimited Blade Works 2nd Season,TV,13,Apr 2015,Jun 2015,871247,8.32
Tensei shitara Slime Datta Ken 2nd Season Part 2,TV,12,Jul 2021,Sep 2021,812285,8.32
Uchuu Senkan Yamato 2199,OVA,26,May 2012,Oct 2013,118227,8.32
Violet Evergarden: Recollections,Special,1,Oct 2021,Oct 2021,35109,8.32
86,TV,11,Apr 2021,Jun 2021,828108,8.31
Ashita no Joe,TV,79,Apr 1970,Sep 1971,96963,8.31
Ginga Eiyuu Densetsu: Die Neue These - Gekitotsu,Movie,12,Mar 2022,May 2022,22627,8.31
Given,TV,11,Jul 2019,Sep 2019,589387,8.31
Hunter x Hunter: Original Video Animation,OVA,8,Jan 2002,Apr 2002,129663,8.31
Kaijuu 8-gou,TV,12,Apr 2024,Jun 2024,485751,8.31
Major S6,TV,25,Apr 2010,Sep 2010,64119,8.31
Natsume Yuujinchou Go Specials,Special,2,Mar 2017,Apr 2017,47988,8.31
NHK ni Youkoso!,TV,24,Jul 2006,Dec 2006,766989,8.31
Ookami to Koushinryou II,TV,12,Jul 2009,Sep 2009,503634,8.31
Romeo no Aoi Sora,TV,33,Jan 1995,Dec 1995,51551,8.31
Sasaki to Miyano Movie: Sotsugyou-hen,Movie,1,Feb 2023,Feb 2023,47910,8.31
Seishun Buta Yarou wa Randoseru Girl no Yume wo Minai,Movie,1,Dec 2023,Dec 2023,102499,8.31
Katanagatari,TV,12,Jan 2010,Dec 2010,571569,8.30
Kemono no Souja Erin,TV,50,Jan 2009,Dec 2009,88481,8.30
Kingdom 2nd Season,TV,39,Jun 2013,Mar 2014,132393,8.30
Luo Xiao Hei Zhan Ji (Movie),Movie,1,Sep 2019,Sep 2019,28408,8.30
Natsume Yuujinchou,TV,13,Jul 2008,Sep 2008,553774,8.30
Boku dake ga Inai Machi,TV,12,Jan 2016,Mar 2016,2146048,8.30
Diamond no Ace: Second Season,TV,51,Apr 2015,Mar 2016,141262,8.30
Evangelion Movie 2: Ha,Movie,1,Jul 2009,Jul 2009,556533,8.30
Ginga Eiyuu Densetsu: Die Neue These - Sakubou,Movie,12,Sep 2022,Nov 2022,15520,8.30
Ano Hi Mita Hana no Namae wo Bokutachi wa Mada Shiranai.,TV,11,Apr 2011,Jun 2011,1633488,8.29
Beck,TV,26,Oct 2004,Mar 2005,349922,8.29
Initial D Final Stage,TV,4,May 2014,Jun 2014,150311,8.29
Steins;Gate: Oukoubakko no Poriomania,Special,1,Feb 2012,Feb 2012,448164,8.29
Tunshi Xingkong 2nd Season,ONA,26,Dec 2021,Sep 2022,6532,8.29
Kuroko no Basket 3rd Season,TV,25,Jan 2015,Jun 2015,780570,8.29
Meitantei Conan Movie 06: Baker Street no Bourei,Movie,1,Apr 2002,Apr 2002,79954,8.29
Sakamichi no Apollon,TV,12,Apr 2012,Jun 2012,394973,8.29
Kino no Tabi: The Beautiful World,TV,13,Apr 2003,Jul 2003,327508,8.28
Major: World Series,OVA,2,Dec 2011,Jan 2012,37534,8.28
Ore dake Level Up na Ken,TV,12,Jan 2024,Mar 2024,774810,8.28
Redline,Movie,1,Aug 2009,Aug 2009,390643,8.28
Rurouni Kenshin: Meiji Kenkaku Romantan,TV,94,Jan 1996,Sep 1998,504505,8.28
Doukyuusei,Movie,1,Feb 2016,Feb 2016,277193,8.28
Gintama: Shinyaku Benizakura-hen,Special,1,Dec 2010,Dec 2010,44898,8.28
Suzume no Tojimari,Movie,1,Nov 2022,Nov 2022,398248,8.28
Tokyo Godfathers,Movie,1,Nov 2003,Nov 2003,302053,8.28
Yuukoku no Moriarty Part 2,TV,13,Apr 2021,Jun 2021,263690,8.28
Shirobako,TV,24,Oct 2014,Mar 2015,452386,8.27
Tenki no Ko,Movie,1,Jul 2019,Jul 2019,1035646,8.27
Tunshi Xingkong 4th Season,ONA,71,Oct 2023,N/A,2959,8.27
Yuru Camp△,TV,12,Jan 2018,Mar 2018,507805,8.27
Kage no Jitsuryokusha ni Naritakute!,TV,20,Oct 2022,Feb 2023,708372,8.27
Koukaku Kidoutai,Movie,1,Nov 1995,Nov 1995,653998,8.27
Make Heroine ga Oosugiru!,TV,12,Jul 2024,Sep 2024,197709,8.27
Naruto: Shippuuden,TV,500,Feb 2007,Mar 2017,2551282,8.27
Diamond no Ace: Act II,TV,52,Apr 2019,Mar 2020,93412,8.27
Dr. Stone,TV,24,Jul 2019,Dec 2019,1794049,8.27
Fate/Zero,TV,13,Oct 2011,Dec 2011,1528787,8.27
Gin no Saji 2nd Season,TV,11,Jan 2014,Mar 2014,148170,8.27
Ginga Eiyuu Densetsu: Die Neue These - Seiran 3,Movie,4,Nov 2019,Nov 2019,27379,8.27
Hotarubi no Mori e,Movie,1,Sep 2011,Sep 2011,838639,8.27
Boku no Hero Academia 6th Season,TV,25,Oct 2022,Mar 2023,695849,8.26
Doraemon Movie 31: Shin Nobita to Tetsujin Heidan - Habatake Tenshi-tachi,Movie,1,Mar 2011,Mar 2011,17527,8.26
Gyakkyou Burai Kaiji: Ultimate Survivor,TV,26,Oct 2007,Apr 2008,363129,8.26
Hajime no Ippo: Champion Road,TV,N/A,Apr 2003,Apr 2003,143714,8.26
Shinsekai yori,TV,25,Sep 2012,Mar 2013,791290,8.26
Space☆Dandy 2nd Season,TV,13,Jul 2014,Sep 2014,171850,8.26
Steins;Gate: Kyoukaimenjou no Missing Link - Divide By Zero,TV,N/A,Dec 2015,Dec 2015,269293,8.26
Tanoshii Muumin Ikka,TV,78,Apr 1990,Oct 1991,28894,8.26
Tenkuu no Shiro Laputa,Movie,1,Aug 1986,Aug 1986,502778,8.26
Tsubasa: Tokyo Revelations,OVA,3,Nov 2007,Mar 2008,97183,8.26
Nodame Cantabile,TV,23,Jan 2007,Jun 2007,319712,8.26
Kono Subarashii Sekai ni Shukufuku wo! 2,TV,10,Jan 2017,Mar 2017,1558401,8.25
Kuroshitsuji Movie: Book of the Atlantic,Movie,1,Jan 2017,Jan 2017,208015,8.25
Planetes,TV,26,Oct 2003,Apr 2004,260426,8.25
Dororo,TV,24,Jan 2019,Jun 2019,1268265,8.25
Hunter x Hunter: Greed Island Final,OVA,14,Mar 2004,Aug 2004,148488,8.25
Stranger: Mukou Hadan,Movie,1,Sep 2007,Sep 2007,339474,8.25
Tonari no Totoro,Movie,1,Apr 1988,Apr 1988,1091645,8.25
World Trigger 3rd Season,TV,14,Oct 2021,Jan 2022,124519,8.25
Sennen Joyuu,Movie,1,Sep 2002,Sep 2002,193643,8.24
Spy x Family Part 2,TV,13,Oct 2022,Dec 2022,979975,8.24
Kobayashi-san Chi no Maid Dragon S,TV,12,Jul 2021,Sep 2021,573032,8.24
Meitantei Conan: Episode One - Chiisaku Natta Meitantei,TV,N/A,Dec 2016,Dec 2016,32109,8.24
Mushoku Tensei II: Isekai Ittara Honki Dasu,TV,12,Jul 2023,Sep 2023,620508,8.24
Non Non Biyori Movie: Vacation,Movie,1,Aug 2018,Aug 2018,81044,8.24
Boku no Kokoro no Yabai Yatsu,TV,12,Apr 2023,Jun 2023,341027,8.24
Dungeon ni Deai wo Motomeru no wa Machigatteiru Darou ka IV: Shin Shou - Yakusai-hen,TV,11,Jan 2023,Mar 2023,238997,8.24
Golden Kamuy 2nd Season,TV,12,Oct 2018,Dec 2018,213846,8.24
Gyakkyou Burai Kaiji: Hakairoku-hen,TV,26,Apr 2011,Sep 2011,198578,8.24
Hajime no Ippo: Mashiba vs. Kimura,OVA,1,Sep 2003,Sep 2003,115746,8.24
Bakemono no Ko,Movie,1,Jul 2015,Jul 2015,433499,8.23
Blue Lock,TV,24,Oct 2022,Mar 2023,743694,8.23
Danshi Koukousei no Nichijou,TV,12,Jan 2012,Mar 2012,841700,8.23
Doupo Cangqiong 4th Season,ONA,24,Mar 2021,Aug 2021,8088,8.23
Haikyuu!! Movie 4: Concept no Tatakai,Movie,1,Sep 2017,Sep 2017,91944,8.23
IDOLiSH7 Third Beat!,TV,13,Jul 2021,Sep 2021,23975,8.23
Youjo Senki Movie,Movie,1,Feb 2019,Feb 2019,294205,8.23
Kidou Senshi Gundam: Tekketsu no Orphans 2nd Season,TV,25,Oct 2016,Apr 2017,148909,8.23
Majo no Takkyuubin,Movie,1,Jul 1989,Jul 1989,608556,8.23
Re:Zero kara Hajimeru Isekai Seikatsu,TV,25,Apr 2016,Sep 2016,2259126,8.23
Seishun Buta Yarou wa Bunny Girl Senpai no Yume wo Minai,TV,13,Oct 2018,Dec 2018,1791548,8.23
Kamisama Hajimemashita◎,TV,12,Jan 2015,Mar 2015,426764,8.22
Kono Sekai no Katasumi ni,Movie,1,Nov 2016,Nov 2016,193698,8.22
Mahou Shoujo Madoka★Magica Movie 1: Hajimari no Monogatari,Movie,1,Oct 2012,Oct 2012,204612,8.22
Major S3,TV,26,Jan 2007,Jun 2007,70609,8.22
Mimi wo Sumaseba,Movie,1,Jul 1995,Jul 1995,376514,8.22
Nodame Cantabile Finale,TV,11,Jan 2010,Mar 2010,129597,8.22
Ookami to Koushinryou,TV,13,Jan 2008,Mar 2008,836809,8.22
Shen Yin Wangzuo 2nd Season,ONA,130,Nov 2022,N/A,5134,8.22
Shoujo Kakumei Utena,TV,39,Apr 1997,Dec 1997,227951,8.22
Shoujo Shuumatsu Ryokou,TV,12,Oct 2017,Dec 2017,358878,8.22
Trigun,TV,26,Apr 1998,Sep 1998,781845,8.22
Wu Liuqi: Zui Qiang Fa Xing Shi,ONA,10,Oct 2019,Jan 2020,80572,8.22
Yubisaki to Renren,TV,12,Jan 2024,Mar 2024,253156,8.22
SKET Dance,TV,77,Apr 2011,Sep 2012,228546,8.21
Tengoku Daimakyou,TV,13,Apr 2023,Jun 2023,524724,8.21
BanG Dream! It's MyGO!!!!!,TV,13,Jun 2023,Sep 2023,23112,8.21
Berserk: Ougon Jidai-hen III - Kourin,Movie,1,Feb 2013,Feb 2013,232054,8.21
Bungou Stray Dogs 3rd Season,TV,12,Apr 2019,Jun 2019,657372,8.21
Cardcaptor Sakura Movie 2: Fuuin Sareta Card,Movie,1,Jul 2000,Jul 2000,118109,8.21
Fruits Basket 1st Season,TV,25,Apr 2019,Sep 2019,864215,8.21
Kaguya-hime no Monogatari,Movie,1,Nov 2013,Nov 2013,240111,8.21
Kimetsu no Yaiba: Katanakaji no Sato-hen,TV,11,Apr 2023,Jun 2023,912876,8.21
Liz to Aoi Tori,Movie,1,Apr 2018,Apr 2018,147744,8.21
Magi: The Kingdom of Magic,TV,25,Oct 2013,Mar 2014,858333,8.21
Major S1,TV,26,Nov 2004,May 2005,103475,8.21
Sasaki to Miyano,TV,12,Jan 2022,Mar 2022,206836,8.21
Kuroko no Basket 2nd Season,TV,25,Oct 2013,Mar 2014,874646,8.20
Meitantei Conan Movie 13: Shikkoku no Chaser,Movie,1,Apr 2009,Apr 2009,61368,8.20
One Piece Movie 14: Stampede,Movie,1,Aug 2019,Aug 2019,199892,8.20
Quanzhi Gaoshou Specials,ONA,3,Apr 2018,May 2018,108406,8.20
ReLIFE: Kanketsu-hen,Special,4,Mar 2018,Mar 2018,409776,8.20
Saiki Kusuo no Ψ-nan: Kanketsu-hen,TV,N/A,Dec 2018,Dec 2018,227972,8.20
Senki Zesshou Symphogear XV,TV,13,Jul 2019,Sep 2019,40715,8.20
xxxHOLiC◆Kei,TV,13,Apr 2008,Jun 2008,147005,8.20
Yahari Ore no Seishun Love Comedy wa Machigatteiru. Zoku,TV,13,Apr 2015,Jun 2015,1090489,8.20
Fate/strange Fake: Whispers of Dawn,TV,N/A,Jul 2023,Jul 2023,83029,8.20
Great Pretender,TV,23,Jul 2020,Dec 2020,687713,8.20
Horimiya,TV,13,Jan 2021,Apr 2021,1448672,8.20
InuYasha: Kanketsu-hen,TV,26,Oct 2009,Mar 2010,290070,8.20
Asobi Asobase,TV,12,Jul 2018,Sep 2018,495629,8.19
Dragon Ball Z,TV,291,Apr 1989,Jan 1996,1253248,8.19
Hachimitsu to Clover II,TV,12,Jun 2006,Sep 2006,108499,8.19
Maison Ikkoku,TV,96,Mar 1986,Mar 1988,75863,8.19
Mo Dao Zu Shi Q,ONA,30,Jul 2020,Jan 2021,25271,8.19
One Piece: Episode of Merry - Mou Hitori no Nakama no Monogatari,TV,N/A,Aug 2013,Aug 2013,64228,8.19
Vanitas no Karte Part 2,TV,12,Jan 2022,Apr 2022,295167,8.19
Stand By Me Doraemon 2,Movie,1,Nov 2020,Nov 2020,26002,8.18
xxxHOLiC Rou,OVA,2,Apr 2010,Mar 2011,71094,8.18
Yojouhan Time Machine Blues,ONA,6,Sep 2022,Oct 2022,45346,8.18
Yoru wa Mijikashi Arukeyo Otome,Movie,1,Apr 2017,Apr 2017,130688,8.18
Bakuman.,TV,25,Oct 2010,Apr 2011,631482,8.18
Ballroom e Youkoso,TV,24,Jul 2017,Dec 2017,343615,8.18
Bungou Stray Dogs 2nd Season,TV,12,Oct 2016,Dec 2016,884128,8.18
Chihayafuru,TV,25,Oct 2011,Mar 2012,471214,8.18
Dragon Ball Super: Broly,Movie,1,Dec 2018,Dec 2018,421209,8.18
Fate/stay night: Unlimited Blade Works,TV,12,Oct 2014,Dec 2014,1094352,8.18
Girls & Panzer Movie,Movie,1,Nov 2015,Nov 2015,109618,8.18
Haikyuu!! Movie 3: Sainou to Sense,Movie,1,Sep 2017,Sep 2017,95143,8.18
Hunter x Hunter: Greed Island,OVA,8,Feb 2003,Apr 2003,160435,8.18
Initial D Second Stage,TV,13,Oct 1999,Jan 2000,229041,8.18
Major S2,TV,26,Dec 2005,Jun 2006,73306,8.18
Major S4,TV,26,Jan 2008,Jun 2008,66756,8.18
Nomad: Megalo Box 2,TV,13,Apr 2021,Jun 2021,206750,8.18
Non Non Biyori Repeat,TV,12,Jul 2015,Sep 2015,204464,8.18
K-On!!,TV,26,Apr 2010,Sep 2010,711373,8.17
Kotarou wa Hitorigurashi,ONA,10,Mar 2022,Mar 2022,164226,8.17
Little Busters! Refrain,TV,13,Oct 2013,Dec 2013,169344,8.17
Made in Abyss Movie 1: Tabidachi no Yoake,Movie,1,Jan 2019,Jan 2019,135825,8.17
Meitantei Conan,TV,N/A,Jan 1996,N/A,356580,8.17
Meitantei Conan Movie 20: Junkoku no Nightmare,Movie,1,Apr 2016,Apr 2016,43304,8.17
No Game No Life: Zero,Movie,1,Jul 2017,Jul 2017,890430,8.17
Sono Bisque Doll wa Koi wo Suru,TV,12,Jan 2022,Mar 2022,1121336,8.17
Yuukoku no Moriarty,TV,11,Oct 2020,Dec 2020,448333,8.17
Ao Ashi,TV,24,Apr 2022,Sep 2022,223517,8.17
Black Lagoon: The Second Barrage,TV,12,Oct 2006,Dec 2006,531285,8.17
Cardcaptor Sakura,TV,70,Apr 1998,Mar 2000,448044,8.17
Digimon Adventure: Last Evolution Kizuna,Movie,1,Feb 2020,Feb 2020,46380,8.17
Ginga Eiyuu Densetsu: Die Neue These - Seiran 2,Movie,4,Oct 2019,Oct 2019,26766,8.17
Girls & Panzer: Saishuushou Part 3,Movie,1,Mar 2021,Mar 2021,29819,8.17
Holo no Graffiti,ONA,N/A,May 2019,N/A,56568,8.17
Horimiya: Piece,TV,13,Jul 2023,Sep 2023,356576,8.17
Initial D Fourth Stage,TV,24,Apr 2004,Feb 2006,195666,8.17
Akira,Movie,1,Jul 1988,Jul 1988,876772,8.16
Aria the Natural,TV,26,Apr 2006,Sep 2006,81112,8.16
Bocchi the Rock! Movie,Movie,2,Jun 2024,Aug 2024,58886,8.16
Cang Yuan Tu,ONA,26,Jun 2023,Dec 2023,2830,8.16
Dr. Stone: Stone Wars,TV,11,Jan 2021,Mar 2021,1079456,8.16
Fate/stay night Movie: Heaven's Feel - I. Presage Flower,Movie,1,Oct 2017,Oct 2017,467898,8.16
Higurashi no Naku Koro ni Kai,TV,24,Jul 2007,Dec 2007,487727,8.16
"Kamisama Hajimemashita: Kamisama, Shiawase ni Naru",OVA,1,Dec 2016,Dec 2016,67734,8.16
Lycoris Recoil,TV,13,Jul 2022,Sep 2022,523200,8.16
Natsume Yuujinchou: Ishi Okoshi to Ayashiki Raihousha,Movie,1,Jan 2021,Jan 2021,37703,8.16
Ouran Koukou Host Club,TV,26,Apr 2006,Sep 2006,1149433,8.16
Tengen Toppa Gurren Lagann Movie 1: Gurren-hen,Movie,1,Sep 2008,Sep 2008,169772,8.16
Wu Liuqi: Anying Suming,ONA,10,Jan 2023,Mar 2023,25905,8.16
Yi Nian Yong Heng: Chuan Cheng Pian,ONA,54,Jul 2022,Jul 2023,7041,8.16
Shinigami Bocchan to Kuro Maid 3rd Season,TV,12,Apr 2024,Jun 2024,53499,8.15
Spy x Family Movie: Code: White,Movie,1,Dec 2023,Dec 2023,162303,8.15
Toaru Kagaku no Railgun T,TV,25,Jan 2020,Sep 2020,238894,8.15
Chi.: Chikyuu no Undou ni Tsuite,TV,25,Oct 2024,N/A,46432,8.15
Dr. Stone: New World,TV,11,Apr 2023,Jun 2023,496129,8.15
Dr. Stone: Ryuusui,TV,N/A,Jul 2022,Jul 2022,314050,8.15
Eiga Daisuki Pompo-san,Movie,1,Jun 2021,Jun 2021,53027,8.15
Lupin III: Cagliostro no Shiro,Movie,1,Dec 1979,Dec 1979,119749,8.15
Non Non Biyori Nonstop: Bukatsu wo Ganbatta,OVA,1,Mar 2022,Mar 2022,23115,8.15
Kaiba,TV,12,Apr 2008,Jul 2008,156287,8.14
Kimetsu no Yaiba: Hashira Geiko-hen,TV,8,May 2024,Jun 2024,533434,8.14
Kyoukai no Kanata Movie 2: I'll Be Here - Mirai-hen,Movie,1,Apr 2015,Apr 2015,267554,8.14
Major: Message,OVA,1,Dec 2010,Dec 2010,31449,8.14
Noragami Aragoto,TV,13,Oct 2015,Dec 2015,1482549,8.14
"Shangri-La Frontier: Kusoge Hunter, Kamige ni Idoman to su 2nd Season",TV,25,Oct 2024,N/A,95771,8.14
Tensei shitara Slime Datta Ken,TV,24,Oct 2018,Mar 2019,1506386,8.14
Working!!! Lord of the Takanashi,Special,1,Mar 2016,Mar 2016,104530,8.14
Black Clover,TV,170,Oct 2017,Mar 2021,1731941,8.14
Death Parade,TV,12,Jan 2015,Mar 2015,1810936,8.14
Ginga Eiyuu Densetsu Gaiden,OVA,24,Feb 1998,Sep 1998,24949,8.14
IDOLiSH7 Second Beat!,TV,15,Apr 2020,Dec 2020,32904,8.14
Eizouken ni wa Te wo Dasu na!,TV,12,Jan 2020,Mar 2020,345146,8.13
Given: Uragawa no Sonzai,OVA,1,Dec 2021,Dec 2021,92064,8.13
Interstella5555: The 5tory of The 5ecret 5tar 5ystem,Movie,1,Dec 2003,Dec 2003,75793,8.13
Kidou Senshi Gundam: The Origin - Zenya Akai Suisei,TV,13,Apr 2019,Aug 2019,24322,8.13
Lupin III: Part 5,TV,24,Apr 2018,Sep 2018,45591,8.13
Nisemonogatari,TV,11,Jan 2012,Mar 2012,744221,8.13
Nodame Cantabile: Paris-hen,TV,11,Oct 2008,Dec 2008,126568,8.13
Princess Tutu,TV,38,Aug 2002,May 2003,173790,8.13
Seirei no Moribito,TV,26,Apr 2007,Sep 2007,222998,8.13
Shokugeki no Souma,TV,24,Apr 2015,Sep 2015,1674001,8.13
Skip to Loafer,TV,12,Apr 2023,Jun 2023,287039,8.12
Buddy Daddies,TV,12,Jan 2023,Apr 2023,298375,8.12
Dragon Ball Daima,TV,N/A,Oct 2024,N/A,61035,8.12
Gankutsuou,TV,24,Oct 2004,Mar 2005,255223,8.12
Gintama': Futon ni Haitte kara Buki Nokoshi ni Kizuite Neru ni Nerenai Toki mo Aru,Special,1,Apr 2015,Apr 2015,42285,8.12
Given Movie 1,Movie,1,Aug 2020,Aug 2020,244609,8.12
Golden Kamuy 4th Season,TV,13,Oct 2022,Jun 2023,102554,8.12
Hinamatsuri,TV,12,Apr 2018,Jun 2018,525704,8.12
Katekyou Hitman Reborn!,TV,203,Oct 2006,Sep 2010,565788,8.12
Kaze Tachinu,Movie,1,Jul 2013,Jul 2013,351675,8.12
Paripi Koumei,TV,12,Apr 2022,Jun 2022,307345,8.12
JoJo no Kimyou na Bouken Part 3: Stardust Crusaders,TV,24,Apr 2014,Sep 2014,1255023,8.11
JoJo no Kimyou na Bouken Part 6: Stone Ocean,ONA,12,Dec 2021,Dec 2021,529776,8.11
Kamisama Hajimemashita,TV,13,Oct 2012,Dec 2012,675172,8.11
Kuragehime,TV,11,Oct 2010,Dec 2010,245942,8.11
Mahou Shoujo Lyrical Nanoha: The Movie 2nd A's,Movie,1,Jul 2012,Jul 2012,24750,8.11
Meitantei Conan Movie 05: Tengoku e no Countdown,Movie,1,Apr 2001,Apr 2001,65457,8.11
Meitantei Conan Movie 14: Tenkuu no Lost Ship,Movie,1,Apr 2010,Apr 2010,58768,8.11
One Piece Film: Z,Movie,1,Dec 2012,Dec 2012,292511,8.11
One Piece: Episode of Nami - Koukaishi no Namida to Nakama no Kizuna,TV,N/A,Aug 2012,Aug 2012,71860,8.11
Precure All Stars Movie F,Movie,1,Sep 2023,Sep 2023,3241,8.11
Saiki Kusuo no Ψ-nan: Ψ-shidou-hen,ONA,6,Dec 2019,Dec 2019,230024,8.11
Shen Yin Wangzuo,ONA,26,Apr 2022,Sep 2022,7944,8.11
Stand By Me Doraemon,Movie,1,Aug 2014,Aug 2014,57219,8.11
Diamond no Ace,TV,75,Oct 2013,Mar 2015,251200,8.11
Fullmetal Alchemist,TV,51,Oct 2003,Oct 2004,1494561,8.11
Initial D Fifth Stage,TV,14,Nov 2012,May 2013,156415,8.11
Akatsuki no Yona OVA,OVA,3,Sep 2015,Dec 2016,138382,8.10
Chuunibyou demo Koi ga Shitai! Movie: Take On Me,Movie,1,Jan 2018,Jan 2018,280425,8.10
Durarara!!,TV,24,Jan 2010,Jun 2010,1430870,8.10
Gintama°: Umai-mono wa Atomawashi ni Suru to Yokodorisareru kara Yappari Saki ni Kue,Special,1,Nov 2015,Nov 2015,35272,8.10
Kidou Senshi Gundam 00,TV,25,Oct 2007,Mar 2008,223978,8.10
Kono Subarashii Sekai ni Shukufuku wo!,TV,10,Jan 2016,Mar 2016,2019311,8.10
Koukaku Kidoutai: Stand Alone Complex - Solid State Society,TV,N/A,Sep 2006,Sep 2006,102461,8.10
Mahoutsukai no Yome: Hoshi Matsu Hito,OVA,3,Sep 2016,Sep 2017,287969,8.10
Saint Seiya: The Lost Canvas - Meiou Shinwa 2,OVA,13,Feb 2011,Jul 2011,77202,8.10
Tamayura: Sotsugyou Shashin Part 4 - Ashita,Movie,1,Apr 2016,Apr 2016,12020,8.10
Toki wo Kakeru Shoujo,Movie,1,Jul 2006,Jul 2006,804501,8.10
Xian Ni,ONA,76,Sep 2023,N/A,3594,8.10
Serial Experiments Lain,TV,13,Jul 1998,Sep 1998,810871,8.09
Tsurune: Tsunagari no Issha,TV,13,Jan 2023,Mar 2023,59454,8.09
Youkoso Jitsuryoku Shijou Shugi no Kyoushitsu e 2nd Season,TV,13,Jul 2022,Sep 2022,686842,8.09
Detroit Metal City,OVA,12,Aug 2008,Oct 2008,215931,8.09
Gin no Saji,TV,11,Jul 2013,Sep 2013,299256,8.09
Gridman Universe,Movie,1,Mar 2023,Mar 2023,31519,8.09
Hajime no Ippo: Boxer no Kobushi,Special,1,Mar 2003,Mar 2003,58178,8.09
Honzuki no Gekokujou: Shisho ni Naru Tame ni wa Shudan wo Erandeiraremasen 2nd Season,TV,12,Apr 2020,Jun 2020,223851,8.09
Jigokuraku,TV,13,Apr 2023,Jul 2023,750263,8.09
Kidou Senshi Gundam Unicorn,OVA,7,Mar 2010,Jun 2014,101423,8.09
Kuroko no Basket: Saikou no Present desu,Special,1,Dec 2015,Dec 2015,110474,8.09
Mirai Shounen Conan,TV,26,Apr 1978,Oct 1978,52634,8.09
Ookami to Koushinryou: Merchant Meets the Wise Wolf,TV,25,Apr 2024,Sep 2024,210332,8.09
Tsubasa: Shunraiki,OVA,2,Mar 2009,May 2009,63281,8.08
Tsukimonogatari,TV,N/A,Dec 2014,Dec 2014,425933,8.08
Uchouten Kazoku 2,TV,12,Apr 2017,Jun 2017,65950,8.08
Yuusha-Ou GaoGaiGar Final,OVA,8,Jan 2000,Mar 2003,11123,8.08
Zankyou no Terror,TV,11,Jul 2014,Sep 2014,1196928,8.08
Ansatsu Kyoushitsu,TV,22,Jan 2015,Jun 2015,2071155,8.08
Baccano! Specials,Special,3,Feb 2008,May 2008,181364,8.08
Fumetsu no Anata e Season 2,TV,20,Oct 2022,Mar 2023,292942,8.08
Ginga Eiyuu Densetsu: Arata naru Tatakai no Overture,Movie,1,Dec 1993,Dec 1993,35952,8.08
Gintama: Nanigoto mo Saisho ga Kanjin nanode Tashou Senobisuru Kurai ga Choudoyoi,Special,1,Sep 2005,Sep 2005,57518,8.08
Haikyuu!! Movie 2: Shousha to Haisha,Movie,1,Sep 2015,Sep 2015,99463,8.08
Hidamari Sketch: Sae Hiro Sotsugyou-hen,OVA,2,Nov 2013,Nov 2013,14836,8.08
Boku no Hero Academia 2nd Season,TV,25,Apr 2017,Sep 2017,2578039,8.07
Boku no Hero Academia 7th Season,TV,21,May 2024,Oct 2024,319552,8.07
Douluo Dalu II: Jueshi Tangmen,ONA,104,Jun 2023,N/A,4397,8.07
Gintama: Dai Hanseikai,Special,1,Mar 2010,Mar 2010,39102,8.07
Girls & Panzer: Saishuushou Part 2,Movie,1,Jun 2019,Jun 2019,39244,8.07
Hikaru no Go,TV,75,Oct 2001,Mar 2003,141708,8.07
Honzuki no Gekokujou: Shisho ni Naru Tame ni wa Shudan wo Erandeiraremasen 3rd Season,TV,10,Apr 2022,Jun 2022,167007,8.07
Kanata no Astra,TV,12,Jul 2019,Sep 2019,316528,8.07
Kidou Senshi Gundam 00 Second Season,TV,25,Oct 2008,Mar 2009,154497,8.07
Kimi wa Houkago Insomnia,TV,13,Apr 2023,Jul 2023,227843,8.07
Koukaku Kidoutai: Stand Alone Complex - The Laughing Man,OVA,1,Sep 2005,Sep 2005,41561,8.07
Kuroko no Basket Movie 4: Last Game,Movie,1,Mar 2017,Mar 2017,317819,8.07
Overlord IV,TV,13,Jul 2022,Sep 2022,561079,8.07
Quanzhi Gaoshou: Dianfeng Rongyao,Movie,1,Aug 2019,Aug 2019,52622,8.07
"Shangri-La Frontier: Kusoge Hunter, Kamige ni Idoman to su",TV,25,Oct 2023,Mar 2024,319364,8.07
Shokugeki no Souma: Ni no Sara,TV,13,Jul 2016,Sep 2016,1157569,8.07
Skip Beat!,TV,25,Oct 2008,Mar 2009,274727,8.07
Spy x Family Season 2,TV,12,Oct 2023,Dec 2023,535986,8.06
Toradora!,TV,25,Oct 2008,Mar 2009,2248770,8.06
Uma Musume: Pretty Derby Season 2,TV,13,Jan 2021,Mar 2021,54748,8.06
Yuanshen: Jinzhong Ge,ONA,1,Apr 2024,Apr 2024,4712,8.06
City Hunter 2,TV,63,Apr 1988,Jul 1989,28216,8.06
Ginga Eiyuu Densetsu Gaiden (1999),OVA,28,Dec 1999,Jul 2000,20925,8.06
Ginga Eiyuu Densetsu: Die Neue These - Seiran 1,Movie,4,Sep 2019,Sep 2019,30834,8.06
Hyouka,TV,22,Apr 2012,Sep 2012,1404638,8.06
JoJo no Kimyou na Bouken Part 6: Stone Ocean Part 2,ONA,12,Sep 2022,Sep 2022,280333,8.06
Kamisama Hajimemashita OVA,OVA,2,Aug 2013,Aug 2013,137135,8.06
Karasu wa Aruji wo Erabanai,TV,20,Apr 2024,Sep 2024,38815,8.06
Kidou Senshi Gundam: Tekketsu no Orphans,TV,25,Oct 2015,Mar 2016,251702,8.06
Kuroshitsuji: Book of Circus,TV,10,Jul 2014,Sep 2014,417836,8.06
Kyou kara Ore wa!!,OVA,10,Apr 1993,Dec 1997,35998,8.06
Mahoutsukai no Yome,TV,24,Oct 2017,Mar 2018,957362,8.06
Meitantei Conan Movie 08: Ginyoku no Magician,Movie,1,Apr 2004,Apr 2004,58416,8.06
Meitantei Conan Movie 18: Ijigen no Sniper,Movie,1,Apr 2014,Apr 2014,44943,8.06
One Piece Film: Strong World,Movie,1,Dec 2009,Dec 2009,261749,8.06
Sakura-sou no Pet na Kanojo,TV,24,Oct 2012,Mar 2013,1269646,8.06
Kodomo no Omocha (TV),TV,102,Apr 1996,Mar 1998,71359,8.05
Koukyoushihen Eureka Seven,TV,50,Apr 2005,Apr 2006,442521,8.05
Kuroko no Basket,TV,25,Apr 2012,Sep 2012,1232868,8.05
Kuroshitsuji: Book of Murder,OVA,2,Jan 2015,Feb 2015,256080,8.05
Meitantei Conan Movie 25: Halloween no Hanayome,Movie,1,Apr 2022,Apr 2022,16861,8.05
No Game No Life,TV,12,Apr 2014,Jun 2014,2443271,8.05
Saint Seiya: Meiou Hades Juuni Kyuu-hen,OVA,13,Nov 2002,Jul 2003,58880,8.05
Tunshi Xingkong,ONA,26,Nov 2020,May 2021,9048,8.05
World Trigger 2nd Season,TV,12,Jan 2021,Apr 2021,158631,8.05
Yowamushi Pedal: Grande Road,TV,24,Oct 2014,Mar 2015,142974,8.05
Angel Beats!,TV,13,Apr 2010,Jun 2010,2108491,8.05
Darker than Black: Kuro no Keiyakusha,TV,25,Apr 2007,Sep 2007,964022,8.05
Dorohedoro,TV,12,Jan 2020,Mar 2020,570842,8.05
Durarara!!x2 Ketsu,TV,12,Jan 2016,Mar 2016,385703,8.05
Haikyuu!! Movie 1: Owari to Hajimari,Movie,1,Jul 2015,Jul 2015,108333,8.05
Azumanga Daiou The Animation,TV,26,Apr 2002,Oct 2002,379797,8.04
Fate/stay night: Unlimited Blade Works Prologue,TV,N/A,Oct 2014,Oct 2014,327712,8.04
Golden Boy,OVA,6,Oct 1995,Jun 1996,415450,8.04
Gosick,TV,24,Jan 2011,Jul 2011,565782,8.04
Omoide no Marnie,Movie,1,Jul 2014,Jul 2014,309640,8.04
Paprika,Movie,1,Nov 2006,Nov 2006,560341,8.04
Persona 3 the Movie 4: Winter of Rebirth,Movie,1,Jan 2016,Jan 2016,77704,8.04
Shijou Saikyou no Deshi Kenichi,TV,50,Oct 2006,Sep 2007,309171,8.04
Tsuki ga Kirei,TV,12,Apr 2017,Jun 2017,558084,8.04
The Fable,TV,25,Apr 2024,Sep 2024,61529,8.03
Tonikaku Kawaii: SNS,OVA,1,Aug 2021,Aug 2021,162967,8.03
Wan Sheng Jie 2,ONA,12,Oct 2020,Dec 2020,13463,8.03
xxxHOLiC Shunmuki,OVA,2,Feb 2009,Jun 2009,72260,8.03
5-toubun no Hanayome ∬,TV,12,Jan 2021,Mar 2021,742222,8.03
Akatsuki no Yona,TV,24,Oct 2014,Mar 2015,876674,8.03
BanG Dream! Movie: Episode of Roselia - II: Song I Am.,Movie,1,Jun 2021,Jun 2021,9887,8.03
Black Lagoon,TV,12,Apr 2006,Jun 2006,1036502,8.03
Dennou Coil,TV,26,May 2007,Dec 2007,150364,8.03
FLCL,OVA,6,Apr 2000,Mar 2001,843814,8.03
Glass no Kamen (2005),TV,51,Apr 2005,Mar 2006,41179,8.03
Karakai Jouzu no Takagi-san 2,TV,12,Jul 2019,Sep 2019,341455,8.03
Kill la Kill,TV,24,Oct 2013,Mar 2014,1758005,8.03
Lovely★Complex,TV,24,Apr 2007,Sep 2007,606882,8.03
Mairimashita! Iruma-kun 2nd Season,TV,21,Apr 2021,Sep 2021,336360,8.03
Meitantei Conan Movie 03: Seikimatsu no Majutsushi,Movie,1,Apr 1999,Apr 1999,68052,8.03
Meitantei Conan Movie 04: Hitomi no Naka no Ansatsusha,Movie,1,Apr 2000,Apr 2000,64287,8.03
Meitantei Conan Movie 10: Tantei-tachi no Requiem,Movie,1,Apr 2006,Apr 2006,57839,8.03
Kimi ni Todoke,TV,25,Oct 2009,Mar 2010,986794,8.02
"Komi-san wa, Comyushou desu. 2nd Season",TV,12,Apr 2022,Jun 2022,504803,8.02
Kono Subarashii Sekai ni Shukufuku wo! 2: Kono Subarashii Geijutsu ni Shukufuku wo!,OVA,1,Jul 2017,Jul 2017,384432,8.02
Mignon,ONA,12,Aug 2023,Aug 2023,26019,8.02
NieR:Automata Ver1.1a Part 2,TV,12,Jul 2024,Sep 2024,81689,8.02
Omae Umasou da na,Movie,1,Oct 2010,Oct 2010,21007,8.02
Pui Pui Molcar,TV,12,Jan 2021,Mar 2021,17473,8.02
Summer Wars,Movie,1,Aug 2009,Aug 2009,528010,8.02
Wan Sheng Jie 3,ONA,12,Jan 2022,Apr 2022,8872,8.02
Yahari Ore no Seishun Love Comedy wa Machigatteiru. Zoku OVA,OVA,1,Oct 2016,Oct 2016,257394,8.02
Yuru Camp△ Season 3,TV,12,Apr 2024,Jun 2024,84951,8.02
Black Lagoon: Roberta's Blood Trail,OVA,5,Jun 2010,Jun 2011,308351,8.02
Full Metal Panic? Fumoffu,TV,12,Aug 2003,Nov 2003,301139,8.02
Ginga Nagareboshi Gin,TV,21,Apr 1986,Aug 1986,28176,8.02
Given Movie 2: Hiiragi Mix,Movie,1,Jan 2024,Jan 2024,31490,8.02
Hibike! Euphonium,TV,13,Apr 2015,Jul 2015,477854,8.02
Baby Steps 2nd Season,TV,25,Apr 2015,Sep 2015,92299,8.01
Juuni Kokuki,TV,45,Apr 2002,Aug 2003,158004,8.01
Kara no Kyoukai Movie 3: Tsuukaku Zanryuu,Movie,1,Feb 2008,Feb 2008,233027,8.01
Magi: The Labyrinth of Magic,TV,25,Oct 2012,Mar 2013,1066395,8.01
Saiunkoku Monogatari 2nd Season,TV,39,Apr 2007,Mar 2008,42410,8.01
Shadows House 2nd Season,TV,12,Jul 2022,Sep 2022,126139,8.01
SK∞,TV,12,Jan 2021,Apr 2021,579163,8.01
Slayers Next,TV,26,Apr 1996,Sep 1996,72296,8.01
Toaru Kagaku no Railgun S,TV,24,Apr 2013,Sep 2013,396426,8.01
Tokyo Magnitude 8.0,TV,11,Jul 2009,Sep 2009,302297,8.00
Tsumiki no Ie,Movie,1,Jun 2008,Jun 2008,98086,8.00
Yahari Ore no Seishun Love Comedy wa Machigatteiru.,TV,13,Apr 2013,Jun 2013,1471472,8.00
Zombieland Saga Revenge,TV,12,Apr 2021,Jun 2021,223084,8.00
BanG Dream! 3rd Season,TV,13,Jan 2020,Apr 2020,38606,8.00
Black Clover: Mahou Tei no Ken,Movie,1,Jun 2023,Jun 2023,234144,8.00
Boku no Hero Academia 3rd Season,TV,25,Apr 2018,Sep 2018,2239417,8.00
D.Gray-man,TV,103,Oct 2006,Sep 2008,703794,8.00
Evangelion Movie 1: Jo,Movie,1,Sep 2007,Sep 2007,579214,8.00
Fullmetal Alchemist: Brotherhood Specials,Special,4,Aug 2009,Aug 2010,162059,8.00
Kaichou wa Maid-sama!,TV,26,Apr 2010,Sep 2010,1275089,8.00
Kidou Senshi Gundam: Dai 08 MS Shoutai,OVA,12,Jan 1996,Jul 1999,86987,8.00
Meitantei Conan Movie 15: Chinmoku no Quarter,Movie,1,Apr 2011,Apr 2011,50161,8.00
Naruto,TV,220,Oct 2002,Feb 2007,2919299,8.00
Kami nomi zo Shiru Sekai: Megami-hen,TV,12,Jul 2013,Sep 2013,352952,7.99
Kara no Kyoukai Movie: Mirai Fukuin,Movie,1,Sep 2013,Sep 2013,118997,7.99
Kidou Keisatsu Patlabor 2 the Movie,Movie,1,Aug 1993,Aug 1993,40016,7.99
Kimi ni Todoke 2nd Season,TV,12,Jan 2011,Mar 2011,507649,7.99
Shokugeki no Souma: San no Sara,TV,12,Oct 2017,Dec 2017,994702,7.99
Aria the OVA: Arietta,OVA,1,Sep 2007,Sep 2007,39089,7.99
Clannad,TV,23,Oct 2007,Mar 2008,1438444,7.99
ef: A Tale of Melodies.,TV,12,Oct 2008,Dec 2008,166681,7.99
Eve no Jikan,ONA,6,Aug 2008,Sep 2009,188305,7.99
Hachimitsu to Clover,TV,24,Apr 2005,Sep 2005,272845,7.99
Bungou Stray Dogs Wan!,TV,12,Jan 2021,Mar 2021,122978,7.98
Haibane Renmei,TV,13,Oct 2002,Dec 2002,299022,7.98
Hanada Shounen-shi,TV,25,Oct 2002,Mar 2003,16589,7.98
Honzuki no Gekokujou: Shisho ni Naru Tame ni wa Shudan wo Erandeiraremasen,TV,14,Oct 2019,Dec 2019,325642,7.98
Kidou Senshi Gundam 0080: Pocket no Naka no Sensou,OVA,6,Mar 1989,Aug 1989,63419,7.98
Koukaku Kidoutai: Stand Alone Complex 2nd GIG - Individual Eleven,OVA,1,Jan 2006,Jan 2006,30327,7.98
Saint Seiya: The Lost Canvas - Meiou Shinwa,OVA,13,Jun 2009,Apr 2010,110679,7.98
School Rumble Ni Gakki,TV,26,Apr 2006,Sep 2006,165329,7.98
Touch,TV,101,Mar 1985,Mar 1987,36980,7.98
Wolf's Rain OVA,OVA,4,Jan 2004,Feb 2004,70279,7.98
Yuri!!! on Ice: Yuri Plisetsky GPF in Barcelona EX - Welcome to The Madness,Special,1,May 2017,May 2017,86671,7.98
Wan Sheng Jie,ONA,12,Apr 2020,May 2020,28773,7.97
xxxHOLiC,TV,24,Apr 2006,Sep 2006,328889,7.97
Youkoso Jitsuryoku Shijou Shugi no Kyoushitsu e 3rd Season,TV,13,Jan 2024,Mar 2024,418724,7.97
Yuuki Yuuna wa Yuusha de Aru: Washio Sumi no Shou 3 - Yakusoku,Movie,1,Jul 2017,Jul 2017,15415,7.97
5-toubun no Hanayome∽,TV,N/A,Sep 2023,Sep 2023,76764,7.97
Akagami no Shirayuki-hime 2nd Season,TV,12,Jan 2016,Mar 2016,369072,7.97
Aria the Benedizione,Movie,1,Dec 2021,Dec 2021,9131,7.97
Code Geass: Hangyaku no Lelouch III - Oudou,Movie,1,May 2018,May 2018,97313,7.97
Dragon Ball,TV,153,Feb 1986,Apr 1989,1067552,7.97
Durarara!!x2 Shou,TV,12,Jan 2015,Mar 2015,492464,7.97
Hanma Baki: Son of Ogre 2nd Season,ONA,27,Jul 2023,Aug 2023,93140,7.97
IDOLiSH7 Vibrato,ONA,8,Feb 2018,Mar 2019,16329,7.97
Kakushigoto,TV,12,Apr 2020,Jun 2020,336548,7.97
Koukaku Kidoutai 2.0,Movie,1,Jul 2008,Jul 2008,90118,7.97
Romantic Killer,ONA,12,Oct 2022,Oct 2022,235777,7.97
Mahou Shoujo Lyrical Nanoha A's,TV,13,Oct 2005,Dec 2005,66644,7.96
Maoujou de Oyasumi,TV,12,Oct 2020,Dec 2020,225070,7.96
Ookiku Furikabutte: Natsu no Taikai-hen,TV,13,Apr 2010,Jun 2010,45742,7.96
ReLIFE,TV,13,Jul 2016,Sep 2016,1065076,7.96
Rurouni Kenshin: Meiji Kenkaku Romantan - Seisou-hen,OVA,2,Dec 2001,Mar 2002,86075,7.96
Sword Art Online: Progressive Movie - Hoshi Naki Yoru no Aria,Movie,1,Oct 2021,Oct 2021,265459,7.96
Yofukashi no Uta,TV,13,Jul 2022,Sep 2022,630711,7.96
Youjo Senki,TV,12,Jan 2017,Mar 2017,954534,7.96
Durarara!!x2 Ten,TV,12,Jul 2015,Sep 2015,403073,7.96
Eve no Jikan (Movie),Movie,1,Mar 2010,Mar 2010,126537,7.96
High Score Girl: Extra Stage,OVA,3,Mar 2019,Mar 2019,76722,7.96
Hokuto no Ken,TV,109,Oct 1984,Mar 1987,134852,7.96
Hyouge Mono,TV,39,Apr 2011,Jan 2012,29479,7.96
Aria the Origination: Sono Choppiri Himitsu no Basho ni...,Special,1,Jun 2008,Jun 2008,22215,7.95
Bishoujo Senshi Sailor Moon: Sailor Stars,TV,34,Mar 1996,Feb 1997,116438,7.95
Bleach,TV,366,Oct 2004,Mar 2012,2029485,7.95
Dead Dead Demons Dededede Destruction (OVA),OVA,17,May 2024,Sep 2024,39371,7.95
Fanren Xiu Xian Chuan 3rd Season,ONA,48,Nov 2023,N/A,1732,7.95
Girls & Panzer: Saishuushou Part 1,Movie,1,Dec 2017,Dec 2017,51625,7.95
High Score Girl II,TV,9,Oct 2019,Dec 2019,141424,7.95
Kurenai no Buta,Movie,1,Jul 1992,Jul 1992,261082,7.95
Major Movie: Yuujou no Winning Shot,Movie,1,Dec 2008,Dec 2008,21264,7.95
Nagi no Asu kara,TV,26,Oct 2013,Apr 2014,612049,7.95
Niehime to Kemono no Ou,TV,24,Apr 2023,Sep 2023,83082,7.95
Rising Impact Season 2,ONA,14,Aug 2024,Aug 2024,6692,7.95
Tennis no Oujisama: Zenkoku Taikai-hen - Final,OVA,7,Apr 2008,Jan 2009,37254,7.95
Working!!!,TV,13,Jul 2015,Sep 2015,253082,7.95
Shokugeki no Souma: San no Sara - Tootsuki Ressha-hen,TV,12,Apr 2018,Jun 2018,737554,7.94
Tate no Yuusha no Nariagari,TV,25,Jan 2019,Jun 2019,1641127,7.94
Tekkon Kinkreet,Movie,1,Dec 2006,Dec 2006,114844,7.94
Vampire Hunter D (2000),Movie,1,Aug 2000,Aug 2000,210184,7.94
Wotaku ni Koi wa Muzukashii OVA,OVA,3,Mar 2019,Oct 2021,215594,7.94
Yi Nian Yong Heng,ONA,52,Aug 2020,Jul 2021,18704,7.94
Atarashii Joushi wa Do Tennen,TV,12,Oct 2023,Dec 2023,59620,7.94
Benghuai: Xing Qiong Tiedao - Gelamo de Yujin,ONA,1,Jun 2024,Jun 2024,1476,7.94
Boku no Hero Academia the Movie 2: Heroes:Rising,Movie,1,Dec 2019,Dec 2019,588491,7.94
Fate/Grand Order: Zettai Majuu Sensen Babylonia,TV,21,Oct 2019,Mar 2020,290901,7.94
Gake no Ue no Ponyo,Movie,1,Jul 2008,Jul 2008,601592,7.94
Hikaru no Go: Hokuto Hai e no Michi,Special,1,Jan 2004,Jan 2004,24464,7.94
Kanon (2006),TV,24,Oct 2006,Mar 2007,276109,7.94
Kidou Senshi Gundam Thunderbolt,ONA,4,Dec 2015,Apr 2016,58972,7.94
Kidou Senshi Gundam Thunderbolt: December Sky,Movie,1,Jun 2016,Jun 2016,25470,7.94
Kindaichi Shounen no Jikenbo,TV,148,Apr 1997,Sep 2000,32572,7.94
Kobato.,TV,24,Oct 2009,Mar 2010,170046,7.94
Macross F Movie 2: Sayonara no Tsubasa,Movie,1,Feb 2011,Feb 2011,28323,7.94
Non Non Biyori,TV,12,Oct 2013,Dec 2013,435332,7.94
Noragami,TV,12,Jan 2014,Mar 2014,2206316,7.94
Sakasama no Patema,Movie,1,Nov 2013,Nov 2013,297464,7.94
Kobayashi-san Chi no Maid Dragon,TV,13,Jan 2017,Apr 2017,1261952,7.93
Kono Oto Tomare!,TV,13,Apr 2019,Jun 2019,319454,7.93
Love Live! Superstar!!,TV,12,Jul 2021,Oct 2021,72082,7.93
Macross: Do You Remember Love?,Movie,1,Jul 1984,Jul 1984,49601,7.93
Mawaru Penguindrum,TV,24,Jul 2011,Dec 2011,305048,7.93
Nurarihyon no Mago: Sennen Makyou,TV,24,Jul 2011,Dec 2011,166282,7.93
One Piece Film: Strong World Episode 0,OVA,1,Apr 2010,Apr 2010,87684,7.93
Osomatsu-san,TV,25,Oct 2015,Mar 2016,175069,7.93
Shingeki no Kyojin Movie 2: Jiyuu no Tsubasa,Movie,1,Jun 2015,Jun 2015,138085,7.93
Wotaku ni Koi wa Muzukashii,TV,11,Apr 2018,Jun 2018,1019152,7.93
xxxHOLiC Movie: Manatsu no Yoru no Yume,Movie,1,Aug 2005,Aug 2005,67930,7.93
Yowamushi Pedal,TV,38,Oct 2013,Jul 2014,237165,7.93
Aikatsu! 10th Story: Mirai e no Starway (2023),Movie,1,Jan 2023,Jan 2023,1761,7.93
"Clannad: Mou Hitotsu no Sekai, Tomoyo-hen",Special,1,Jul 2008,Jul 2008,309117,7.93
Douluo Dalu,ONA,26,Jan 2018,Jul 2018,30497,7.93
Full Moon wo Sagashite,TV,52,Apr 2002,Mar 2003,111925,7.93
Hidamari Sketch x Honeycomb,TV,12,Oct 2012,Dec 2012,24762,7.93
Bungou Stray Dogs: Dead Apple,Movie,1,Mar 2018,Mar 2018,291317,7.92
Fate/kaleid liner Prisma☆Illya Movie: Sekka no Chikai,Movie,1,Aug 2017,Aug 2017,99255,7.92
Gochuumon wa Usagi desu ka? Bloom,TV,12,Oct 2020,Dec 2020,66782,7.92
Hanamonogatari,TV,N/A,Aug 2014,Aug 2014,435774,7.92
Kimi to Boku. 2,TV,13,Apr 2012,Jun 2012,90129,7.92
Nekomonogatari: Kuro,TV,N/A,Dec 2012,Dec 2012,564499,7.92
Overlord III,TV,13,Jul 2018,Oct 2018,940270,7.92
Phantom: Requiem for the Phantom,TV,26,Apr 2009,Sep 2009,341328,7.92
Quanzhi Gaoshou 2,ONA,12,Sep 2020,Dec 2020,122786,7.92
Touhai Densetsu Akagi: Yami ni Maiorita Tensai,TV,26,Oct 2005,Mar 2006,106765,7.92
Tsue to Tsurugi no Wistoria,TV,12,Jul 2024,Sep 2024,226727,7.92
Usagi Drop Specials,Special,4,Oct 2011,Jan 2012,71767,7.92
Shingeki no Kyojin Season 2 Movie: Kakusei no Houkou,Movie,1,Jan 2018,Jan 2018,75059,7.91
Takarajima,TV,26,Oct 1978,Apr 1979,21608,7.91
Tamako Love Story,Movie,1,Apr 2014,Apr 2014,399279,7.91
Yakitate!! Japan,TV,69,Oct 2004,Mar 2006,100251,7.91
Yuru Yuri San☆Hai!,TV,12,Oct 2015,Dec 2015,127373,7.91
Aishang Ta de Liyou Extra,ONA,1,Feb 2024,Feb 2024,5180,7.91
BanG Dream! Movie: Poppin' Dream!,Movie,1,Jan 2022,Jan 2022,10280,7.91
Cike Wu Liuqi,ONA,10,Apr 2018,Jun 2018,112813,7.91
City Hunter,TV,51,Apr 1987,Mar 1988,84018,7.91
Dungeon ni Deai wo Motomeru no wa Machigatteiru Darou ka V: Houjou no Megami-hen,TV,15,Oct 2024,N/A,109966,7.90
Eyeshield 21,TV,145,Apr 2005,Mar 2008,187094,7.91
Full Metal Panic! The Second Raid,TV,13,Jul 2005,Oct 2005,264730,7.91
Initial D Third Stage,Movie,1,Jan 2001,Jan 2001,189141,7.91
Kidou Senshi Gundam: Suisei no Majo Season 2,TV,12,Apr 2023,Jul 2023,95036,7.91
Kokoro Connect: Michi Random,Special,4,Nov 2012,Dec 2012,263882,7.91
Log Horizon,TV,25,Oct 2013,Mar 2014,1138246,7.91
Love Live! The School Idol Movie,Movie,1,Jun 2015,Jun 2015,133088,7.91
Meitantei Conan OVA 09: 10-nengo no Stranger,OVA,1,Jun 2009,Jun 2009,21534,7.91
"Natsu e no Tunnel, Sayonara no Deguchi",Movie,1,Sep 2022,Sep 2022,177946,7.91
Overlord,TV,13,Jul 2015,Sep 2015,1642934,7.91
Plastic Memories,TV,13,Apr 2015,Jun 2015,968097,7.91
Ranma ½ (2024),TV,N/A,Oct 2024,N/A,56207,7.91
Kaleido Star,TV,51,Apr 2003,Mar 2004,87726,7.90
Kuuchuu Buranko,TV,11,Oct 2009,Dec 2009,96346,7.90
Les Misérables: Shoujo Cosette,TV,52,Jan 2007,Dec 2007,30880,7.90
Meitantei Conan Movie 27: 100-man Dollar no Michishirube,Movie,1,Apr 2024,Apr 2024,7963,7.90
Ore Monogatari!!,TV,24,Apr 2015,Sep 2015,692233,7.90
Promare,Movie,1,May 2019,May 2019,287479,7.90
SKET Dance: Imouto no Nayami ni Nayamu Ani ni Nayamu Imouto to Sono Nakama-tachi,OVA,1,Feb 2013,Feb 2013,22026,7.90
Summer Ghost,Movie,1,Nov 2021,Nov 2021,120882,7.90
Trigun: Badlands Rumble,Movie,1,Apr 2010,Apr 2010,146227,7.90
Vanitas no Karte,TV,12,Jul 2021,Sep 2021,561383,7.90
Yuri!!! on Ice,TV,12,Oct 2016,Dec 2016,905801,7.90
Zetsuen no Tempest,TV,24,Oct 2012,Mar 2013,607696,7.90
Bishoujo Senshi Sailor Moon S,TV,38,Mar 1994,Feb 1995,150953,7.90
Code Geass: Fukkatsu no Lelouch,Movie,1,Feb 2019,Feb 2019,324661,7.90
Darker than Black: Kuro no Keiyakusha Gaiden,Special,4,Jan 2010,Jul 2010,261044,7.90
Date A Live II: Kurumi Star Festival,OVA,1,Dec 2014,Dec 2014,191275,7.90
Densetsu Kyojin Ideon: Hatsudou-hen,Movie,1,Jul 1982,Jul 1982,11011,7.90
Ergo Proxy,TV,23,Feb 2006,Aug 2006,666788,7.90
Gakuen Babysitters,TV,12,Jan 2018,Mar 2018,351711,7.90
Hidamari Sketch x ☆☆☆,TV,12,Jan 2010,Mar 2010,28921,7.90
Ie Naki Ko Remy,TV,23,Sep 1996,Mar 1997,21623,7.90
BanG Dream! Film Live 2nd Stage,Movie,1,Aug 2021,Aug 2021,8052,7.89
Berserk: Ougon Jidai-hen - Memorial Edition,TV,13,Oct 2022,Dec 2022,45078,7.89
Crayon Shin-chan Movie 09: Arashi wo Yobu Mouretsu! Otona Teikoku no Gyakushuu,Movie,1,Apr 2001,Apr 2001,11182,7.89
Fanren Xiu Xian Chuan 2nd Season,ONA,51,Nov 2021,Oct 2022,3368,7.89
Final Fantasy VII: Advent Children Complete,OVA,1,Apr 2009,Apr 2009,134340,7.89
Ginga Sengoku Gunyuuden Rai,TV,52,Apr 1994,Mar 1995,16521,7.89
Hanasaku Iroha,TV,26,Apr 2011,Sep 2011,336072,7.89
Jormungand: Perfect Order,TV,12,Oct 2012,Dec 2012,197788,7.89
Karigurashi no Arrietty,Movie,1,Jul 2010,Jul 2010,364142,7.89
Kidou Senshi Zeta Gundam,TV,50,Mar 1985,Feb 1986,78496,7.89
Kingdom,TV,38,Jun 2012,Feb 2013,229891,7.89
Lupin III (2015),TV,24,Oct 2015,Mar 2016,73126,7.89
Macross,TV,36,Oct 1982,Jun 1983,113953,7.89
Mahoutsukai no Yome Season 2 Part 2,TV,12,Oct 2023,Dec 2023,101095,7.89
Rurouni Kenshin: Meiji Kenkaku Romantan - Kyoto Douran,TV,23,Oct 2024,N/A,30757,7.89
Sakigake!! Cromartie Koukou,TV,26,Oct 2003,Mar 2004,143098,7.89
School Rumble,TV,26,Oct 2004,Mar 2005,332809,7.89
Shirokuma Cafe,TV,50,Apr 2012,Mar 2013,96873,7.89
Tokyo Revengers,TV,24,Apr 2021,Sep 2021,1298279,7.89
Ushio to Tora (TV) 2nd Season,TV,13,Apr 2016,Jun 2016,135099,7.89
Yagate Kimi ni Naru,TV,13,Oct 2018,Dec 2018,353126,7.89
Yuzuki-san Chi no Yonkyoudai.,TV,12,Oct 2023,Dec 2023,61135,7.89
Zoku Sayonara Zetsubou Sensei,TV,13,Jan 2008,Mar 2008,134817,7.89
Shingeki no Kyojin OVA,OVA,3,Dec 2013,Aug 2014,476804,7.88
Space☆Dandy,TV,13,Jan 2014,Mar 2014,365351,7.88
Tennis no Oujisama: Zenkoku Taikai-hen,OVA,13,Mar 2006,Mar 2007,47410,7.88
Yuanshen: Weixing zhi Lu,ONA,1,May 2024,May 2024,2529,7.88
Aria the Avvenire,Special,3,Sep 2015,Sep 2015,28841,7.88
Code Geass: Hangyaku no Lelouch I - Koudou,Movie,1,Oct 2017,Oct 2017,105883,7.88
Drifters,TV,12,Oct 2016,Dec 2016,584141,7.88
Free! Eternal Summer: Kindan no All Hard!,Special,1,Mar 2015,Mar 2015,95316,7.88
Giji Harem,TV,12,Jul 2024,Sep 2024,144774,7.88
Golden Kamuy,TV,12,Apr 2018,Jun 2018,408062,7.88
Hoozuki no Reitetsu 2nd Season,TV,13,Oct 2017,Dec 2017,48480,7.88
Jigoku Shoujo Futakomori,TV,26,Oct 2006,Apr 2007,164534,7.88
JoJo no Kimyou na Bouken (TV),TV,26,Oct 2012,Apr 2013,1711079,7.88
Macross F,TV,25,Apr 2008,Sep 2008,149320,7.88
Megalo Box,TV,13,Apr 2018,Jun 2018,520056,7.88
Meitantei Conan Movie 02: 14-banme no Target,Movie,1,Apr 1998,Apr 1998,65846,7.88
One Piece Film: Gold,Movie,1,Jul 2016,Jul 2016,228723,7.88
Osomatsu-san Movie,Movie,1,Mar 2019,Mar 2019,15677,7.88
Saiunkoku Monogatari,TV,39,Apr 2006,Feb 2007,99365,7.88
Kidou Senshi Gundam: Suisei no Majo - Prologue,Special,1,Jul 2022,Jul 2022,49500,7.87
Kotonoha no Niwa,Movie,1,May 2013,May 2013,883406,7.87
Kuroshitsuji: Kishuku Gakkou-hen,TV,11,Apr 2024,Jun 2024,83908,7.87
New Initial D Movie: Legend 3 - Mugen,Movie,1,Feb 2016,Feb 2016,29448,7.87
Non Non Biyori Repeat: Hotaru ga Tanoshinda,OVA,1,Sep 2016,Sep 2016,51040,7.87
Ookiku Furikabutte,TV,25,Apr 2007,Sep 2007,102326,7.87
Quanzhi Gaoshou,ONA,12,Apr 2017,Jun 2017,377770,7.87
Shijou Saikyou no Deshi Kenichi OVA,OVA,11,Mar 2012,May 2014,58982,7.87
Tennis no Oujisama: Zenkoku Taikai-hen - Semifinal,OVA,6,Jun 2007,Jan 2008,38217,7.87
Undead Girl Murder Farce,TV,13,Jul 2023,Sep 2023,158566,7.87
Zan Sayonara Zetsubou Sensei,TV,13,Jul 2009,Sep 2009,109566,7.87
Berserk: Ougon Jidai-hen II - Doldrey Kouryaku,Movie,1,Jun 2012,Jun 2012,219746,7.87
Boku no Hero Academia 4th Season,TV,25,Oct 2019,Apr 2020,1775855,7.87
Carnival Phantasm,OVA,12,Aug 2011,Dec 2011,201374,7.87
Death Billiards,Movie,1,Mar 2013,Mar 2013,243437,7.87
ef: A Tale of Memories.,TV,12,Oct 2007,Dec 2007,259681,7.87
Higurashi no Naku Koro ni,TV,26,Apr 2006,Sep 2006,820041,7.87
Ie Naki Ko,TV,51,Oct 1977,Oct 1978,16869,7.87
InuYasha,TV,167,Oct 2000,Sep 2004,815777,7.87
Aishang Ta de Liyou,ONA,22,Apr 2023,Jun 2023,34841,7.86
Cool Doji Danshi,TV,24,Oct 2022,Mar 2023,97782,7.86
Doupo Cangqiong 3rd Season,ONA,12,Jul 2019,Sep 2019,9474,7.86
Fairy Tail: 100-nen Quest,TV,N/A,Jul 2024,N/A,139493,7.86
Ginga Eiyuu Densetsu: Waga Yuku wa Hoshi no Taikai,Movie,1,Feb 1988,Feb 1988,40743,7.86
High☆Speed! Movie: Free! Starting Days,Movie,1,Dec 2015,Dec 2015,95147,7.86
K-On!,TV,13,Apr 2009,Jun 2009,1073129,7.86
Kami nomi zo Shiru Sekai II,TV,12,Apr 2011,Jun 2011,396523,7.86
Kengan Ashura Season 2 Part 2,ONA,16,Aug 2024,Aug 2024,19460,7.86
Kidou Senshi Gundam: Suisei no Majo,TV,12,Oct 2022,Jan 2023,164950,7.86
Lupin the IIIrd: Chikemuri no Ishikawa Goemon,Movie,1,Feb 2017,Feb 2017,41931,7.86
Magic Kaito 1412,TV,24,Oct 2014,Mar 2015,128298,7.86
Mahou Shoujo Lyrical Nanoha: The Movie 1st,Movie,1,Jan 2010,Jan 2010,32131,7.86
Meitantei Conan Movie 01: Tokei Jikake no Matenrou,Movie,1,Apr 1997,Apr 1997,74168,7.86
Meitantei Conan Movie 23: Konjou no Fist,Movie,1,Apr 2019,Apr 2019,30935,7.86
Nige Jouzu no Wakagimi,TV,12,Jul 2024,Sep 2024,141046,7.86
One Piece: Episode of East Blue - Luffy to 4-nin no Nakama no Daibouken,TV,N/A,Aug 2017,Aug 2017,43588,7.86
Ookami to Koushinryou II: Ookami to Kohakuiro no Yuuutsu,OVA,1,Apr 2009,Apr 2009,175413,7.86
Paradise Kiss,TV,12,Oct 2005,Dec 2005,235850,7.86
Terra e... (TV),TV,24,Apr 2007,Sep 2007,63274,7.86
Tonikaku Kawaii,TV,12,Oct 2020,Dec 2020,771390,7.86
Wu Dong Qian Kun 3rd Season,ONA,12,May 2022,Jul 2022,4365,7.86
Wu Shan Wu Xing (2020),ONA,3,Jul 2020,Aug 2020,64818,7.86
Tennis no Oujisama,TV,178,Oct 2001,Mar 2005,188699,7.85
Top wo Nerae! Gunbuster,OVA,6,Oct 1988,Jul 1989,133610,7.85
Urusei Yatsura (2022) 2nd Season,TV,23,Jan 2024,Jun 2024,47598,7.85
Youkoso Jitsuryoku Shijou Shugi no Kyoushitsu e,TV,12,Jul 2017,Sep 2017,1329009,7.85
Yuru Yuri Nachuyachumi!,OVA,1,Feb 2015,Feb 2015,75253,7.85
Boku no Hero Academia,TV,13,Apr 2016,Jun 2016,3096917,7.85
Carole & Tuesday,TV,24,Apr 2019,Oct 2019,334930,7.85
Doraemon (1979),TV,1787,Apr 1979,Mar 2005,65779,7.85
Heartcatch Precure!,TV,49,Feb 2010,Jan 2011,33981,7.85
Hoozuki no Reitetsu 2nd Season: Sono Ni,TV,13,Apr 2018,Jul 2018,30093,7.85
IDOLiSH7 Movie: LIVE 4bit - BEYOND THE PERiOD,Movie,2,May 2023,May 2023,3527,7.85
K-On!!: Keikaku!,Special,1,Mar 2011,Mar 2011,129004,7.85
Kizumonogatari: Koyomi Vamp,Movie,1,Jan 2024,Jan 2024,17279,7.85
"Komi-san wa, Comyushou desu.",TV,12,Oct 2021,Dec 2021,923544,7.85
Lupin III vs. Meitantei Conan: The Movie,Movie,1,Dec 2013,Dec 2013,33836,7.85
Machikado Mazoku: 2-choume,TV,12,Apr 2022,Jul 2022,71316,7.85
Meitantei Conan Movie 22: Zero no Shikkounin,Movie,1,Apr 2018,Apr 2018,32427,7.85
Sayonara Zetsubou Sensei,TV,12,Jul 2007,Sep 2007,351346,7.85
Seitokai Yakuindomo* OVA,OVA,10,May 2014,Sep 2020,81641,7.85
Sekaiichi Hatsukoi OVA,OVA,2,Mar 2011,Sep 2011,72252,7.85
K-On!: Live House!,Special,1,Jan 2010,Jan 2010,164518,7.84
Kaleido Star: Legend of Phoenix - Layla Hamilton Monogatari,OVA,1,Dec 2005,Dec 2005,14871,7.84
Magi: Sinbad no Bouken (TV),TV,13,Apr 2016,Jul 2016,491839,7.84
Musekinin Kanchou Tylor,TV,26,Jan 1993,Jul 1993,51515,7.84
Noragami Aragoto OVA,OVA,2,Nov 2015,Mar 2016,263616,7.84
One Piece 3D2Y: Ace no shi wo Koete! Luffy Nakama Tono Chikai,TV,N/A,Aug 2014,Aug 2014,96339,7.84
Oniisama e...,TV,39,Jul 1991,May 1992,49987,7.84
Owarimonogatari 2nd Season Recaps,TV,N/A,Aug 2017,Aug 2017,26819,7.84
Sekaiichi Hatsukoi Movie: Yokozawa Takafumi no Baai,Movie,1,Mar 2014,Mar 2014,68536,7.84
Soul Eater,TV,51,Apr 2008,Mar 2009,1662566,7.84
Tteotda Keunyeo!!,ONA,5,Apr 2003,Dec 2008,25126,7.84
Urusei Yatsura 2: Beautiful Dreamer,Movie,1,Feb 1984,Feb 1984,21728,7.84
Wanmei Shijie,ONA,234,Apr 2021,N/A,10862,7.84
Yume-iro Pâtissière,TV,50,Oct 2009,Sep 2010,85276,7.84
Ano Hi Mita Hana no Namae wo Bokutachi wa Mada Shiranai. Movie,Movie,1,Aug 2013,Aug 2013,300442,7.84
Beelzebub,TV,60,Jan 2011,Mar 2012,607517,7.84
Dark Gathering,TV,25,Jul 2023,Dec 2023,152508,7.84
Durarara!! Specials,Special,2,Aug 2010,Feb 2011,169947,7.84
Hibike! Euphonium Movie 2: Todoketai Melody,Movie,1,Sep 2017,Sep 2017,33100,7.84
Hoozuki no Reitetsu OVA,OVA,4,Feb 2015,Mar 2017,17757,7.84
5-toubun no Hanayome Movie,Movie,1,May 2022,May 2022,261920,7.83
91 Days,TV,12,Jul 2016,Oct 2016,743372,7.83
Haikyuu!! Riku vs. Kuu,OVA,2,Jan 2020,Jan 2020,315334,7.83
Hanasaku Iroha Movie: Home Sweet Home,Movie,1,Mar 2013,Mar 2013,93404,7.83
Hug tto! Precure,TV,49,Feb 2018,Jan 2019,18022,7.83
Jibaku Shounen Hanako-kun,TV,12,Jan 2020,Mar 2020,613019,7.83
Kono Subarashii Sekai ni Shukufuku wo!: Kono Subarashii Choker ni Shukufuku wo!,OVA,1,Jun 2016,Jun 2016,419456,7.83
Liang Bu Yi 2nd Season,ONA,24,Oct 2022,Apr 2023,5301,7.83
Michiko to Hatchin,TV,22,Oct 2008,Mar 2009,207699,7.83
Seihou Bukyou Outlaw Star,TV,24,Jan 1998,Jun 1998,160734,7.83
Seitokai Yakuindomo Movie,Movie,1,Jul 2017,Jul 2017,62644,7.83
Shanhe Jian Xin,ONA,16,Feb 2021,Mar 2021,10799,7.83
Tentai Senshi Sunred 2nd Season,TV,26,Oct 2009,Mar 2010,8203,7.83
Tiger & Bunny,TV,25,Apr 2011,Sep 2011,230733,7.83
Tokyo Revengers: Tenjiku-hen,TV,13,Oct 2023,Dec 2023,208982,7.83
Trigun Stampede,TV,12,Jan 2023,Mar 2023,198608,7.83
Tsuki ga Michibiku Isekai Douchuu 2nd Season,TV,25,Jan 2024,Jun 2024,264491,7.83
Umibe no Étranger,Movie,1,Sep 2020,Sep 2020,184608,7.83
Shingeki no Kyojin: Lost Girls,OVA,3,Dec 2017,Aug 2018,318216,7.82
Somali to Mori no Kamisama,TV,12,Jan 2020,Mar 2020,298904,7.82
Suzumiya Haruhi no Yuuutsu,TV,14,Apr 2006,Jul 2006,935479,7.82
Uchouten Kazoku,TV,13,Jul 2013,Sep 2013,170535,7.82
Uma Musume: Pretty Derby - Road to the Top,ONA,4,Apr 2023,May 2023,13814,7.82
Wu Dong Qian Kun 4th Season,ONA,12,Nov 2023,Dec 2023,1678,7.82
Yuusha-Ou GaoGaiGar,TV,49,Feb 1997,Jan 1998,23071,7.82
Akachan to Boku,TV,35,Jul 1996,Mar 1997,23990,7.82
Break Blade Movie 4: Sanka no Chi,Movie,1,Oct 2010,Oct 2010,58601,7.82
Dance Dance Danseur,TV,11,Apr 2022,Jun 2022,86585,7.82
Danshi Koukousei no Nichijou Specials,Special,6,Apr 2012,Sep 2012,140241,7.82
Enen no Shouboutai: Ni no Shou,TV,24,Jul 2020,Dec 2020,803579,7.82
Gekkan Shoujo Nozaki-kun,TV,12,Jul 2014,Sep 2014,946220,7.82
Grisaia no Meikyuu: Caprice no Mayu 0,TV,N/A,Apr 2015,Apr 2015,236052,7.82
Gungrave,TV,26,Oct 2003,Mar 2004,194925,7.82
Haikyuu!! (OVA),OVA,10,Mar 2020,Mar 2020,33430,7.82
Hidamari Sketch x 365,TV,13,Jul 2008,Sep 2008,33299,7.82
Id:Invaded,TV,13,Jan 2020,Mar 2020,384831,7.82
Kara no Kyoukai Movie 4: Garan no Dou,Movie,1,May 2008,May 2008,219275,7.82
Kidou Senshi Gundam: Senkou no Hathaway,Movie,1,Jun 2021,Jun 2021,41344,7.82
Kuroko no Basket Movie 3: Winter Cup - Tobira no Mukou,Movie,1,Dec 2016,Dec 2016,44442,7.82
Mairimashita! Iruma-kun 3rd Season,TV,21,Oct 2022,Mar 2023,205366,7.82
Mashle: Shinkakusha Kouho Senbatsu Shiken-hen,TV,12,Jan 2024,Mar 2024,385189,7.82
One Piece Film: Red,Movie,1,Aug 2022,Aug 2022,182337,7.82
Otonari no Tenshi-sama ni Itsunomanika Dame Ningen ni Sareteita Ken,TV,12,Jan 2023,Mar 2023,343718,7.82
Sekaiichi Hatsukoi 2,TV,12,Oct 2011,Dec 2011,159635,7.82
Little Witch Academia (TV),TV,25,Jan 2017,Jun 2017,660864,7.81
Meitantei Conan Movie 08: Ginyoku no Time Travel Recap,TV,N/A,Apr 2004,Apr 2004,22298,7.81
Mushoku Tensei: Isekai Ittara Honki Dasu - Eris no Goblin Toubatsu,Special,1,Mar 2022,Mar 2022,189440,7.81
New Initial D Movie: Legend 2 - Tousou,Movie,1,May 2015,May 2015,32628,7.81
Ojamajo Doremi Na-i-sho,OVA,13,Jun 2004,Dec 2004,11837,7.81
Oomuro-ke: Dear Sisters,Movie,1,Feb 2024,Feb 2024,14977,7.81
Seto no Hanayome OVA,OVA,2,Nov 2008,Jan 2009,54494,7.81
Sonny Boy,TV,12,Jul 2021,Oct 2021,328160,7.81
Tanaka-kun wa Itsumo Kedaruge,TV,12,Apr 2016,Jun 2016,474707,7.81
Tasogare Otome x Amnesia,TV,12,Apr 2012,Jun 2012,412135,7.81
Working'!!,TV,13,Oct 2011,Dec 2011,268396,7.81
Yuru Yuri♪♪,TV,12,Jul 2012,Sep 2012,189836,7.81
Zhu Xian 2nd Season,ONA,26,Mar 2024,Aug 2024,1462,7.81
Aoki Hagane no Arpeggio: Ars Nova Movie 2 - Cadenza,Movie,1,Oct 2015,Oct 2015,32059,7.81
Beastars,TV,12,Oct 2019,Dec 2019,879740,7.81
Bungou Stray Dogs,TV,12,Apr 2016,Jun 2016,1438670,7.81
Capeta,TV,52,Oct 2005,Sep 2006,28378,7.81
